restaurant_id,name,state,lat,lon,chicken_burrito_price,method
6234,Plaza Fiesta San Agustin,,25.648334,-100.337342,0.0,burrito-oor:Chicken Burrito
4684,Sunridge,AB,51.080964,-113.995152,12.7,burrito:Chicken Burrito
4743,Northland Village,AB,51.098945,-114.14147,12.7,burrito:Chicken Burrito
4843,Sage Hill,AB,51.171593,-114.14483,12.7,burrito:Chicken Burrito
4980,Seton,AB,50.879748,-113.957911,12.7,burrito:Chicken Burrito
5100,17th Avenue,AB,51.037797,-114.08014,12.7,burrito:Chicken Burrito
5825,East Hills Calgary,AB,51.042589,-113.914866,12.7,burrito:Chicken Burrito
5911,WestHills,AB,51.016344,-114.16745,12.7,burrito:Chicken Burrito
1131,Inverness,AL,33.422581,-86.698268,8.95,burrito:Chicken Burrito
1735,Auburn Campus,AL,32.606818,-85.487317,8.45,burrito:Chicken Burrito
1796,Huntsville University Drive,AL,34.742178,-86.665714,8.6,burrito:Chicken Burrito
2037,Montgomery Eastchase,AL,32.359183,-86.162277,9.8,burrito:Chicken Burrito
2054,BAMA Campus,AL,33.210743,-87.553572,8.6,burrito:Chicken Burrito
2205,Mobile,AL,30.675336,-88.143691,9.2,burrito:Chicken Burrito
2216,Prattville AL,AL,32.459167,-86.391323,9.95,burrito:Chicken Burrito
2530,Tiger Town Auburn,AL,32.616801,-85.404508,9.35,burrito:Chicken Burrito
2542,Vestavia Hills,AL,33.438963,-86.788295,9.5,burrito:Chicken Burrito
2642,UAB Birmingham,AL,33.509777,-86.802721,9.65,burrito:Chicken Burrito
2894,Trussville,AL,33.5956,-86.647453,9.8,burrito:Chicken Burrito
3029,Westwood Plaza,AL,30.681527,-88.224163,9.35,burrito:Chicken Burrito
3512,Cullman,AL,34.154151,-86.84121,9.35,burrito:Chicken Burrito
3518,Decatur AL,AL,34.561501,-86.975632,8.75,burrito:Chicken Burrito
3539,Clift Farms,AL,34.75046,-86.759471,9.35,burrito:Chicken Burrito
3605,Stadium Trace,AL,33.355007,-86.848995,9.8,burrito:Chicken Burrito
3710,Oxford,AL,33.6083,-85.7873,9.95,burrito:Chicken Burrito
3739,Gardendale,AL,33.651229,-86.825584,9.65,burrito:Chicken Burrito
3804,Athens AL,AL,34.785227,-86.945742,8.95,burrito:Chicken Burrito
3955,Dothan,AL,31.246394,-85.428363,9.35,burrito:Chicken Burrito
4076,Town Madison,AL,34.684398,-86.71791,8.75,burrito:Chicken Burrito
4187,Lakeshore,AL,33.445756,-86.825986,9.5,burrito:Chicken Burrito
4267,Foley,AL,30.372448,-87.683802,9.35,burrito:Chicken Burrito
4420,Alabaster,AL,33.2336,-86.81136,9.95,burrito:Chicken Burrito
4484,Cahaba Point,AL,33.418301,-86.675797,9.8,burrito:Chicken Burrito
4519,Daphne,AL,30.597243,-87.898838,9.8,burrito:Chicken Burrito
4764,Phenix City,AL,32.4949,-85.04123,9.5,burrito:Chicken Burrito
4862,Florence AL,AL,34.836763,-87.631528,9.15,burrito:Chicken Burrito
5080,Moody,AL,33.57008,-86.520627,9.8,burrito:Chicken Burrito
5113,Eastern Blvd,AL,32.346542,-86.223679,9.95,burrito:Chicken Burrito
5255,Auburn Mall,AL,32.624969,-85.445195,9.65,burrito:Chicken Burrito
5274,Tillmans Corner,AL,30.595026,-88.170038,9.35,burrito:Chicken Burrito
941,Riverchase,AL,33.378965,-86.803812,9.2,burrito:Chicken Burrito
989,Bama (University of Alabama),AL,33.196767,-87.52704,8.45,burrito:Chicken Burrito
1603,University of Arkansas,AR,36.06675,-94.166113,8.6,burrito:Chicken Burrito
1632,Pleasant Ridge Town Center,AR,34.794012,-92.400984,9.8,burrito:Chicken Burrito
2057,University & Markham,AR,34.75202,-92.341761,10.15,burrito:Chicken Burrito
2136,Bentonville,AR,36.334667,-94.18512,9.65,burrito:Chicken Burrito
2458,College & Millsap,AR,36.112765,-94.145347,9.8,burrito:Chicken Burrito
2795,Conway,AR,35.091114,-92.418228,9.65,burrito:Chicken Burrito
3936,Chenal & Markham,AR,34.753684,-92.412967,9.15,burrito:Chicken Burrito
3938,Jonesboro II,AR,35.824007,-90.679581,9.8,burrito:Chicken Burrito
4216,North Little Rock,AR,34.791804,-92.228778,9.8,burrito:Chicken Burrito
4468,Fort Smith,AR,35.358764,-94.36311,9.2,burrito:Chicken Burrito
4722,Springdale,AR,36.176672,-94.194478,9.95,burrito:Chicken Burrito
4988,Hot Springs,AR,34.454817,-93.065248,9.2,burrito:Chicken Burrito
5240,Centerton,AR,36.357457,-94.256614,9.95,burrito:Chicken Burrito
5356,West Conway,AR,35.091963,-92.470812,9.8,burrito:Chicken Burrito
5357,Russellville,AR,35.278297,-93.094263,9.65,burrito:Chicken Burrito
5390,Searcy,AR,35.249859,-91.697898,9.95,burrito:Chicken Burrito
5667,Fayetteville Wedington Dr.,AR,36.07899,-94.21391,9.2,burrito:Chicken Burrito
6024,North Bentonville,AR,36.3639,-94.19156,9.8,burrito:Chicken Burrito
1079,South Mountain,AZ,33.377228,-112.029866,9.8,burrito:Chicken Burrito
1119,Nortera,AZ,33.714577,-112.112513,9.65,burrito:Chicken Burrito
116,University Square,AZ,32.231861,-110.957487,8.95,burrito:Chicken Burrito
1163,Ritten House,AZ,33.256155,-111.638908,9.8,burrito:Chicken Burrito
1208,ASU,AZ,33.417977,-111.940362,9.5,burrito:Chicken Burrito
1301,Downtown Scottsdale,AZ,33.503359,-111.925649,9.95,burrito:Chicken Burrito
1322,Rural & Baseline,AZ,33.377901,-111.929047,9.65,burrito:Chicken Burrito
1427,Casa Grande,AZ,32.879117,-111.711079,9.95,burrito:Chicken Burrito
1448,Northern Crossing,AZ,33.55238,-112.185552,9.95,burrito:Chicken Burrito
1450,7th St. & Bell Road,AZ,33.639914,-112.067442,9.95,burrito:Chicken Burrito
1476,Sierra Vista,AZ,31.559827,-110.257965,9.65,burrito:Chicken Burrito
1542,Flagstaff,AZ,35.189819,-111.661772,9.15,burrito:Chicken Burrito
1595,Paradise Valley,AZ,33.599546,-111.981773,9.95,burrito:Chicken Burrito
1625,Scottsdale Pavilions,AZ,33.538759,-111.887645,9.8,burrito:Chicken Burrito
1662,Yuma,AZ,32.699723,-114.601064,9.65,burrito:Chicken Burrito
1684,City Scape,AZ,33.448066,-112.074525,9.95,burrito:Chicken Burrito
1710,Dana Park,AZ,33.379601,-111.755802,9.65,burrito:Chicken Burrito
1711,Prescott,AZ,34.546605,-112.46938,9.5,burrito:Chicken Burrito
1718,Chandler Boulevard Shops,AZ,33.305291,-111.89993,9.5,burrito:Chicken Burrito
1726,Encanto,AZ,33.465588,-112.082387,9.8,burrito:Chicken Burrito
1764,Signal Butte and Baseline,AZ,33.379446,-111.600875,9.95,burrito:Chicken Burrito
1767,Desert Sky,AZ,33.479745,-112.219873,9.95,burrito:Chicken Burrito
1768,67th Ave and 101,AZ,33.665923,-112.203393,9.65,burrito:Chicken Burrito
1798,SanTan,AZ,33.307787,-111.742797,9.65,burrito:Chicken Burrito
1821,Las Sendas,AZ,33.467879,-111.683508,9.65,burrito:Chicken Burrito
1897,Lake Havasu,AZ,34.472154,-114.34274,9.65,burrito:Chicken Burrito
1917,Arrowhead Towne Center,AZ,33.64196,-112.225341,9.95,burrito:Chicken Burrito
1977,Scottsdale and Thomas,AZ,33.479339,-111.925741,9.8,burrito:Chicken Burrito
2029,Grayhawk,AZ,33.676233,-111.924005,9.8,burrito:Chicken Burrito
2042,Kingman,AZ,35.224069,-114.036963,9.8,burrito:Chicken Burrito
2049,Laveen,AZ,33.379305,-112.169013,9.95,burrito:Chicken Burrito
2118,22nd and Harrison,AZ,32.205924,-110.790107,9.95,burrito:Chicken Burrito
2314,Deer Valley Town Center,AZ,33.6667,-112.123219,9.65,burrito:Chicken Burrito
2371,Cortaro and I-10,AZ,32.354864,-111.091721,10.35,burrito:Chicken Burrito
2400,Grant and Tanque Verde,AZ,32.250253,-110.851532,9.8,burrito:Chicken Burrito
2457,Maricopa,AZ,33.073533,-112.042739,9.65,burrito:Chicken Burrito
2478,Scottsdale and Shea,AZ,33.586073,-111.925521,9.8,burrito:Chicken Burrito
2507,Prescott Valley,AZ,34.578152,-112.362396,9.5,burrito:Chicken Burrito
253,Metro Center,AZ,33.581565,-112.125104,9.5,burrito:Chicken Burrito
2531,Tatum and Bell,AZ,33.638244,-111.977417,9.8,burrito:Chicken Burrito
2535,Alma School Relo,AZ,33.389609,-111.856892,9.8,burrito:Chicken Burrito
2590,Oro Valley,AZ,32.398646,-110.955784,10.15,burrito:Chicken Burrito
26,Chandler Pavilions,AZ,33.317395,-111.968776,9.35,burrito:Chicken Burrito
2623,Sedona,AZ,34.86838,-111.762053,9.8,burrito:Chicken Burrito
2624,Scottsdale Fashion Square,AZ,33.503892,-111.928664,9.95,burrito:Chicken Burrito
2628,Discovery,AZ,33.349748,-111.901478,9.65,burrito:Chicken Burrito
2808,Uptown,AZ,33.509588,-112.071631,9.8,burrito:Chicken Burrito
2853,Desert Ridge,AZ,33.674754,-111.975293,9.95,burrito:Chicken Burrito
2859,Ahwatukee,AZ,33.304753,-111.993608,10.15,burrito:Chicken Burrito
2973,Arcadia Fiesta,AZ,33.494946,-112.01464,9.8,burrito:Chicken Burrito
3043,I-19 & Irvington,AZ,32.163913,-110.989487,9.8,burrito:Chicken Burrito
305,Gilbert Town Square,AZ,33.329917,-111.790846,9.65,burrito:Chicken Burrito
3147,Superstition Springs Relo,AZ,33.390012,-111.683607,9.95,burrito:Chicken Burrito
3170,48th St and Broadway,AZ,33.406387,-111.979652,9.65,burrito:Chicken Burrito
3287,Stapley and McKellips,AZ,33.451182,-111.802989,9.8,burrito:Chicken Burrito
3306,I-17 & Bell,AZ,33.640453,-112.112343,9.5,burrito:Chicken Burrito
3374,Big Curve,AZ,32.671748,-114.624643,9.95,burrito:Chicken Burrito
3399,19th and Bethany,AZ,33.524581,-112.098773,9.65,burrito:Chicken Burrito
3429,Cave Creek,AZ,33.798202,-111.965651,9.95,burrito:Chicken Burrito
3432,Sahuarita,AZ,31.90995,-110.979962,9.8,burrito:Chicken Burrito
3457,Priest & Elliot Rd,AZ,33.347271,-111.964492,9.65,burrito:Chicken Burrito
3568,32nd & Bell,AZ,33.640489,-112.01374,9.95,burrito:Chicken Burrito
3569,Flagstaff North,AZ,35.223442,-111.585215,9.35,burrito:Chicken Burrito
357,Thompson Peak,AZ,33.622326,-111.873977,9.95,burrito:Chicken Burrito
3642,303 & Waddell,AZ,33.610461,-112.420607,9.5,burrito:Chicken Burrito
372,Foothills,AZ,32.343582,-111.013367,9.95,burrito:Chicken Burrito
3836,Alma School and Chandler,AZ,33.305479,-111.860126,9.5,burrito:Chicken Burrito
3837,Bridges,AZ,32.183698,-110.944647,9.5,burrito:Chicken Burrito
3843,Speedway & Campbell II,AZ,32.236487,-110.94349,9.5,burrito:Chicken Burrito
3916,Westgate Glendale Relo,AZ,33.536961,-112.261373,9.8,burrito:Chicken Burrito
4015,Grant & Swan Relo,AZ,32.251655,-110.890117,9.8,burrito:Chicken Burrito
4025,Ironwood & Ocotillo,AZ,33.249444,-111.567122,10.15,burrito:Chicken Burrito
4086,Baseline & 19th,AZ,33.377854,-112.097997,9.65,burrito:Chicken Burrito
41,44th & Thomas,AZ,33.479711,-111.986121,9.8,burrito:Chicken Burrito
4189,Eastmark,AZ,33.320894,-111.633465,9.8,burrito:Chicken Burrito
421,Campbell Village,AZ,32.262371,-110.9441,9.2,burrito:Chicken Burrito
4248,Canyon Trails,AZ,33.440222,-112.426792,9.65,burrito:Chicken Burrito
4377,Hunt & Gary,AZ,33.176517,-111.581497,10.35,burrito:Chicken Burrito
4406,Val Vista & Melrose,AZ,33.281675,-111.754656,9.5,burrito:Chicken Burrito
4407,Payson II,AZ,34.239527,-111.323839,9.65,burrito:Chicken Burrito
444,Maloney,AZ,33.626346,-111.924781,9.95,burrito:Chicken Burrito
4452,Camelback & Dysart,AZ,33.521085,-112.339855,10.15,burrito:Chicken Burrito
4460,Vistancia,AZ,33.741786,-112.323198,10.35,burrito:Chicken Burrito
45,92nd & Shea,AZ,33.580879,-111.881926,9.65,burrito:Chicken Burrito
4541,Nogales,AZ,31.366301,-110.936838,9.35,burrito:Chicken Burrito
4562,Broadway & Craycroft,AZ,32.222101,-110.877658,9.35,burrito:Chicken Burrito
4568,Hayden & McDowell,AZ,33.465706,-111.9072,9.5,burrito:Chicken Burrito
4787,Cottonwood AZ,AZ,34.728291,-112.008593,9.65,burrito:Chicken Burrito
4993,Marley Park,AZ,33.607354,-112.362777,9.65,burrito:Chicken Burrito
4998,Jackrabbit,AZ,33.493242,-112.482023,10.15,burrito:Chicken Burrito
5036,Rural & Broadway,AZ,33.407166,-111.923877,9.65,burrito:Chicken Burrito
5107,Chandler Heights,AZ,33.237386,-111.719934,9.5,burrito:Chicken Burrito
5340,83rd & Camelback,AZ,33.50968,-112.23798,9.95,burrito:Chicken Burrito
5344,Dove Valley,AZ,33.783826,-112.124896,9.95,burrito:Chicken Burrito
542,Goodyear,AZ,33.463832,-112.358647,9.95,burrito:Chicken Burrito
543,Camelback,AZ,33.510338,-112.046281,9.95,burrito:Chicken Burrito
5633,99th & Indian School,AZ,33.49462,-112.26974,9.5,burrito:Chicken Burrito
5637,Pebble Creek & McDowell,AZ,33.465264,-112.394387,9.95,burrito:Chicken Burrito
5705,Anthem,AZ,33.870523,-112.148601,9.95,burrito:Chicken Burrito
5767,22nd and Kolb,AZ,32.206993,-110.840494,9.5,burrito:Chicken Burrito
658,Cooper & Baseline,AZ,33.377942,-111.807652,9.95,burrito:Chicken Burrito
668,Tucson Mall,AZ,32.286145,-110.975659,9.95,burrito:Chicken Burrito
698,Power & 202,AZ,33.325549,-111.68757,9.8,burrito:Chicken Burrito
699,Gilbert & 202,AZ,33.281865,-111.788915,9.8,burrito:Chicken Burrito
734,Arrowhead Fountains,AZ,33.636283,-112.234039,9.65,burrito:Chicken Burrito
742,Alma School & Queen Creek,AZ,33.26397,-111.857267,9.35,burrito:Chicken Burrito
744,Tempe Marketplace,AZ,33.433358,-111.901823,9.65,burrito:Chicken Burrito
86,59th & Thunderbird,AZ,33.611255,-112.184625,9.65,burrito:Chicken Burrito
861,99th & McDowell,AZ,33.464374,-112.273159,9.8,burrito:Chicken Burrito
898,Surprise,AZ,33.638254,-112.3591,9.5,burrito:Chicken Burrito
916,Happy Valley,AZ,33.71146,-112.273076,9.95,burrito:Chicken Burrito
923,Sundance Town Center,AZ,33.438274,-112.55831,9.65,burrito:Chicken Burrito
1875,Vancouver Robson Square,BC,49.281535,-123.121256,12.45,burrito:Chicken Burrito
2336,Burnaby Metrotown,BC,49.22611,-123.002441,12.7,burrito:Chicken Burrito
2670,Surrey Guildford Mall,BC,49.188636,-122.802242,12.7,burrito:Chicken Burrito
2899,Langley,BC,49.112739,-122.672312,12.45,burrito:Chicken Burrito
2909,West Vancouver,BC,49.327764,-123.139538,12.45,burrito:Chicken Burrito
3003,Vancouver Fairview,BC,49.262922,-123.116025,12.7,burrito:Chicken Burrito
3736,South Surrey,BC,49.047726,-122.785064,12.7,burrito:Chicken Burrito
3899,PoCo,BC,49.256799,-122.746899,12.7,burrito:Chicken Burrito
4040,North Van,BC,49.320259,-123.072858,12.45,burrito:Chicken Burrito
4160,East Robson,BC,49.279247,-123.116938,12.7,burrito:Chicken Burrito
4321,Richmond Central,BC,49.177462,-123.121396,12.45,burrito:Chicken Burrito
4482,Fleetwood VIllage,BC,49.16786,-122.80103,12.7,burrito:Chicken Burrito
4546,King George Hub,BC,49.182304,-122.845027,12.7,burrito:Chicken Burrito
4877,Lougheed,BC,49.249111,-122.892759,12.7,burrito:Chicken Burrito
4878,Strawberry Hill,BC,49.134234,-122.88658,12.7,burrito:Chicken Burrito
5094,Downtown Vic,BC,48.424419,-123.365841,12.7,burrito:Chicken Burrito
5152,Chilliwack,BC,49.141665,-121.959371,12.7,burrito:Chicken Burrito
5200,UBC,BC,49.26632,-123.24703,12.7,burrito:Chicken Burrito
5428,Kits,BC,49.267969,-123.159236,12.7,burrito:Chicken Burrito
5429,University Heights Victoria,BC,48.4689,-123.334,12.7,burrito:Chicken Burrito
5661,West End - Davie Street,BC,49.279738,-123.12976,12.7,burrito:Chicken Burrito
5744,Langford,BC,48.441185,-123.51112,12.7,burrito:Chicken Burrito
1013,Dublin,CA,37.706379,-121.929067,10.5,burrito:Chicken Burrito
1016,Foothill Farms,CA,38.660209,-121.34706,10.5,burrito:Chicken Burrito
1026,Irvine Spectrum,CA,33.650854,-117.74293,10.5,burrito:Chicken Burrito
1031,Newark,CA,37.551144,-122.051486,10.8,burrito:Chicken Burrito
1038,Campbell,CA,37.290927,-121.932023,11.5,burrito:Chicken Burrito
1063,La Habra,CA,33.916839,-117.958823,10.8,burrito:Chicken Burrito
107,LaJolla Village Square,CA,32.866533,-117.231662,9.8,burrito:Chicken Burrito
108,E Street,CA,38.544036,-121.741606,10.35,burrito:Chicken Burrito
1084,UCLA Bruins,CA,34.061111,-118.446169,9.5,burrito:Chicken Burrito
1091,Jess Ranch,CA,34.470684,-117.245748,10.8,burrito:Chicken Burrito
1092,Morgan Hill,CA,37.151203,-121.656045,11.5,burrito:Chicken Burrito
1093,The Alameda,CA,37.33185,-121.908596,10.8,burrito:Chicken Burrito
1094,La Quinta,CA,33.708264,-116.283442,10.35,burrito:Chicken Burrito
1096,The Arbor,CA,33.618822,-117.703464,10.65,burrito:Chicken Burrito
110,Fig Garden,CA,36.811035,-119.808014,10.5,burrito:Chicken Burrito
1102,Daly City,CA,37.701474,-122.482415,10.5,burrito:Chicken Burrito
1107,Camden Park,CA,37.262214,-121.931864,10.8,burrito:Chicken Burrito
111,Anaheim Hills,CA,33.868043,-117.748238,10.5,burrito:Chicken Burrito
1128,Golden Valley Ranch,CA,34.394452,-118.462748,10.65,burrito:Chicken Burrito
1134,Manteca,CA,37.796344,-121.193043,10.8,burrito:Chicken Burrito
1135,Turlock,CA,37.520648,-120.880841,10.5,burrito:Chicken Burrito
1141,Mission Valley,CA,32.768551,-117.14841,10.5,burrito:Chicken Burrito
1149,Palm Springs,CA,33.80082,-116.521662,11.15,burrito:Chicken Burrito
1166,Chino Hills,CA,34.000611,-117.731591,10.8,burrito:Chicken Burrito
1174,San Carlos,CA,37.502188,-122.246332,10.5,burrito:Chicken Burrito
1176,Beach Blvd.,CA,33.726841,-117.989692,10.8,burrito:Chicken Burrito
1184,Great Mall of America Bay Area,CA,37.413534,-121.896827,11.5,burrito:Chicken Burrito
1187,Colma,CA,37.671137,-122.464453,11.25,burrito:Chicken Burrito
1206,Alameda Island,CA,37.756135,-122.250143,11.5,burrito:Chicken Burrito
1223,La Canada Town Center,CA,34.203616,-118.197853,9.95,burrito:Chicken Burrito
1229,Menifee,CA,33.684585,-117.174999,10.35,burrito:Chicken Burrito
1241,Westgate Mall,CA,37.292933,-121.991171,10.8,burrito:Chicken Burrito
1247,Alhambra II,CA,34.092527,-118.145827,9.95,burrito:Chicken Burrito
1251,Palm Desert,CA,33.728137,-116.403037,10.95,burrito:Chicken Burrito
1253,Hemet,CA,33.747169,-116.997502,10.8,burrito:Chicken Burrito
1265,Palo Alto,CA,37.423923,-122.14322,10.8,burrito:Chicken Burrito
1272,Westlake Village,CA,34.153706,-118.796529,10.5,burrito:Chicken Burrito
1286,Hermosa Beach,CA,33.8654,-118.393478,10.8,burrito:Chicken Burrito
1288,Puente Hills Mall,CA,33.991125,-117.924697,10.5,burrito:Chicken Burrito
1296,Glendale CA,CA,34.147481,-118.246395,10.65,burrito:Chicken Burrito
1306,Brea,CA,33.911769,-117.882136,9.95,burrito:Chicken Burrito
1308,San Rafael,CA,38.004794,-122.544694,11.35,burrito:Chicken Burrito
132,Lake Forest,CA,33.637972,-117.680585,10.15,burrito:Chicken Burrito
1349,Laguna Niguel,CA,33.56814,-117.708595,10.15,burrito:Chicken Burrito
135,Del Monte,CA,36.583417,-121.896834,11.8,burrito:Chicken Burrito
137,Laguna Pavilion,CA,38.423214,-121.415578,10.15,burrito:Chicken Burrito
1377,Santa Rosa Marketplace,CA,38.417932,-122.712458,11.35,burrito:Chicken Burrito
1378,Modesto,CA,37.687718,-121.052528,10.8,burrito:Chicken Burrito
1380,Victoria Gardens,CA,34.110328,-117.535498,11.15,burrito:Chicken Burrito
1384,Barstow,CA,34.852814,-117.082788,11.25,burrito:Chicken Burrito
1385,Valencia Towne Center,CA,34.417927,-118.561428,10.65,burrito:Chicken Burrito
1392,Santa Monica,CA,34.017789,-118.498916,10.35,burrito:Chicken Burrito
140,Pleasant Hill,CA,37.945873,-122.061647,11.5,burrito:Chicken Burrito
1405,West Sacramento,CA,38.590036,-121.549661,10.15,burrito:Chicken Burrito
1412,Studio City,CA,34.143657,-118.397758,10.35,burrito:Chicken Burrito
1413,Sunset Boulevard,CA,34.097856,-118.356916,9.95,burrito:Chicken Burrito
1416,Winchester Blvd,CA,37.321714,-121.950513,11.35,burrito:Chicken Burrito
1420,Tejon Ranch,CA,34.986516,-118.946312,10.8,burrito:Chicken Burrito
1433,Azusa,CA,34.128164,-117.891544,9.8,burrito:Chicken Burrito
1441,The Bluffs,CA,33.638916,-117.859999,9.65,burrito:Chicken Burrito
1451,Del Amo,CA,33.834921,-118.352794,10.8,burrito:Chicken Burrito
1459,Goleta,CA,34.429193,-119.869361,9.95,burrito:Chicken Burrito
1460,Metreon,CA,37.784232,-122.403689,11.65,burrito:Chicken Burrito
1461,Dana Hills,CA,33.493047,-117.69776,10.65,burrito:Chicken Burrito
1465,Eastvale,CA,33.976619,-117.552862,10.5,burrito:Chicken Burrito
147,Harbor Center,CA,33.658126,-117.918601,9.95,burrito:Chicken Burrito
1472,Land Park,CA,38.537853,-121.492431,10.15,burrito:Chicken Burrito
1492,The Crossroads,CA,33.685416,-117.811168,10.35,burrito:Chicken Burrito
1498,Murrieta,CA,33.568334,-117.204661,10.5,burrito:Chicken Burrito
1500,Financial District LA,CA,34.047573,-118.256658,9.95,burrito:Chicken Burrito
1505,Pinole,CA,37.995827,-122.286073,11.8,burrito:Chicken Burrito
1509,Riverpark Plaza,CA,36.852114,-119.788978,10.8,burrito:Chicken Burrito
1511,Rossmoor,CA,33.782981,-118.072325,10.8,burrito:Chicken Burrito
1512,Montclair Mall,CA,34.087439,-117.689171,10.15,burrito:Chicken Burrito
1517,Bridgepointe,CA,37.562558,-122.280633,10.65,burrito:Chicken Burrito
1521,Toluca Lake,CA,34.15169,-118.343344,9.8,burrito:Chicken Burrito
1525,Newport Peninsula,CA,33.615295,-117.930623,10.65,burrito:Chicken Burrito
1527,Napa,CA,38.321226,-122.306089,10.95,burrito:Chicken Burrito
1529,Union City,CA,37.602471,-122.069124,10.8,burrito:Chicken Burrito
1551,La Verne Ctr,CA,34.11209,-117.762289,10.65,burrito:Chicken Burrito
1556,Lodi,CA,38.116729,-121.302526,10.15,burrito:Chicken Burrito
1561,At First,CA,37.41622,-121.954959,11.15,burrito:Chicken Burrito
1566,50 California,CA,37.794424,-122.397338,11.8,burrito:Chicken Burrito
1569,Valley Glen,CA,34.172335,-118.4483,10.65,burrito:Chicken Burrito
1572,Concord,CA,37.937408,-122.025467,10.5,burrito:Chicken Burrito
158,Marina Del Rey,CA,33.979147,-118.438326,9.95,burrito:Chicken Burrito
1585,Brentwood LA,CA,34.053542,-118.464888,9.95,burrito:Chicken Burrito
1588,River Walk Bakersfield,CA,35.352108,-119.119109,10.5,burrito:Chicken Burrito
159,Hillcrest,CA,32.748618,-117.157671,11.25,burrito:Chicken Burrito
1590,Lafayette SF,CA,37.893216,-122.118088,11.15,burrito:Chicken Burrito
1591,Sand City II,CA,36.622639,-121.843659,11.35,burrito:Chicken Burrito
1596,Pico Rivera,CA,34.001219,-118.08428,10.35,burrito:Chicken Burrito
1600,Almaden,CA,37.249866,-121.876427,10.8,burrito:Chicken Burrito
1604,Capitola,CA,36.977912,-121.96625,11.15,burrito:Chicken Burrito
1611,El Monte Center,CA,37.390677,-122.094413,11.65,burrito:Chicken Burrito
1617,Stanford Center,CA,37.444352,-122.170843,10.95,burrito:Chicken Burrito
1635,Downtown San Diego,CA,32.715146,-117.164272,10.35,burrito:Chicken Burrito
1636,San Marcos Creekside,CA,33.136349,-117.176569,10.15,burrito:Chicken Burrito
1637,Lakeshore Plaza,CA,37.732506,-122.489987,11.35,burrito:Chicken Burrito
1640,Del Oro Marketplace,CA,33.205753,-117.288354,10.35,burrito:Chicken Burrito
1641,El Modena,CA,33.787203,-117.816559,9.8,burrito:Chicken Burrito
1647,Warner Center,CA,34.187781,-118.597917,10.5,burrito:Chicken Burrito
1657,Whittier,CA,33.944445,-117.994841,10.95,burrito:Chicken Burrito
1660,Carlsbad,CA,33.128087,-117.270439,10.15,burrito:Chicken Burrito
1670,Brentwood Lone Tree Plaza,CA,37.961262,-121.748868,11.35,burrito:Chicken Burrito
1672,Placerville,CA,38.713223,-120.840127,10.35,burrito:Chicken Burrito
1675,San Pedro Heights,CA,33.751009,-118.307294,11.35,burrito:Chicken Burrito
1681,Granada Hills,CA,34.257778,-118.502046,10.15,burrito:Chicken Burrito
1683,San Clemente,CA,33.443379,-117.613782,10.65,burrito:Chicken Burrito
1688,La Cumbre,CA,34.439451,-119.74914,10.5,burrito:Chicken Burrito
1692,Carmel Mountain,CA,32.979751,-117.082604,10.5,burrito:Chicken Burrito
1705,Tarzana,CA,34.170359,-118.540585,10.65,burrito:Chicken Burrito
1708,Madonna Plaza,CA,35.262626,-120.677654,9.95,burrito:Chicken Burrito
1716,Santa Cruz III,CA,36.982583,-122.029336,11.15,burrito:Chicken Burrito
1720,Rohnert Park,CA,38.34733,-122.710127,10.65,burrito:Chicken Burrito
1738,Oakland Lakeshore,CA,37.810767,-122.244734,11.8,burrito:Chicken Burrito
1746,Nordhoff Plaza,CA,34.234682,-118.555099,10.35,burrito:Chicken Burrito
1757,Mission Viejo,CA,33.592266,-117.660309,10.15,burrito:Chicken Burrito
176,Loehmann Plaza,CA,38.575663,-121.4034,10.15,burrito:Chicken Burrito
1765,Brokaw North,CA,37.383101,-121.896718,11.15,burrito:Chicken Burrito
1769,Los Gatos,CA,37.235261,-121.963763,10.95,burrito:Chicken Burrito
1770,Carmel Valley,CA,32.937558,-117.230092,10.15,burrito:Chicken Burrito
1771,Rosemead Place,CA,34.074594,-118.072174,10.65,burrito:Chicken Burrito
1773,Flower Hill,CA,32.981653,-117.250566,10.95,burrito:Chicken Burrito
1782,Red Hawk,CA,33.481156,-117.096984,10.5,burrito:Chicken Burrito
1783,The Mills,CA,34.073768,-117.5517,10.5,burrito:Chicken Burrito
1784,Malibu Village,CA,34.036082,-118.684706,10.8,burrito:Chicken Burrito
1789,Topanga,CA,34.189967,-118.602638,11.15,burrito:Chicken Burrito
179,Paradise Center,CA,34.264401,-119.212597,10.65,burrito:Chicken Burrito
1790,ELA City College,CA,34.038421,-118.144575,10.2,burrito:Chicken Burrito
1802,Danville,CA,37.823223,-122.004014,10.8,burrito:Chicken Burrito
1805,Santee,CA,32.840813,-116.981522,10.95,burrito:Chicken Burrito
1807,Marina Pacifica,CA,33.759944,-118.114883,10.95,burrito:Chicken Burrito
1812,Santa Fe Springs,CA,33.941085,-118.046197,10.65,burrito:Chicken Burrito
1816,Bonita Plaza,CA,32.645508,-117.002167,10.15,burrito:Chicken Burrito
182,Gateway Courtyard,CA,38.261589,-122.058443,10.8,burrito:Chicken Burrito
184,Capitol Mall,CA,38.574048,-121.482742,10.35,burrito:Chicken Burrito
1842,Camarillo Outlets,CA,34.217281,-119.065521,10.8,burrito:Chicken Burrito
1843,NoHo LA,CA,34.166181,-118.375136,10.2,burrito:Chicken Burrito
1850,Cypress Center,CA,33.803658,-118.01245,10.35,burrito:Chicken Burrito
1857,Sutter and Kearney,CA,37.78968,-122.404021,11.8,burrito:Chicken Burrito
1864,Salinas,CA,36.716984,-121.653925,11.25,burrito:Chicken Burrito
1876,Culver Crossroads,CA,34.007163,-118.412697,9.35,burrito:Chicken Burrito
1899,El Cerrito,CA,37.89921,-122.302302,11.8,burrito:Chicken Burrito
1901,Oakland Hegenberger,CA,37.737989,-122.19751,10.8,burrito:Chicken Burrito
1907,Hesperia,CA,34.428019,-117.378393,10.95,burrito:Chicken Burrito
191,Willowcreek,CA,38.669502,-121.155663,10.65,burrito:Chicken Burrito
1913,Koreatown,CA,34.06215,-118.291372,10.2,burrito:Chicken Burrito
1916,Moreno Valley 2,CA,33.93696,-117.26182,10.35,burrito:Chicken Burrito
1920,Seacliff Village,CA,33.680656,-118.004241,10.65,burrito:Chicken Burrito
1921,Genesee Plaza,CA,32.82193,-117.179085,10.65,burrito:Chicken Burrito
1924,East Anaheim,CA,33.860571,-117.792008,10.15,burrito:Chicken Burrito
1925,Lancaster South East,CA,34.675176,-118.14733,10.65,burrito:Chicken Burrito
1929,MainPlace Mall,CA,33.773379,-117.866934,10.15,burrito:Chicken Burrito
1931,Westminster,CA,33.759406,-118.007543,10.5,burrito:Chicken Burrito
1932,Fresno State,CA,36.808204,-119.753605,10.15,burrito:Chicken Burrito
1942,Sherman Oaks,CA,34.151531,-118.453641,10.65,burrito:Chicken Burrito
1943,Corona,CA,33.847626,-117.543809,10.15,burrito:Chicken Burrito
1945,Midtown Crossing,CA,34.048562,-118.3367,10.35,burrito:Chicken Burrito
1953,Folsom 2,CA,38.644985,-121.123267,10.8,burrito:Chicken Burrito
1954,Merced II,CA,37.319654,-120.486286,10.15,burrito:Chicken Burrito
1960,Gardena Marketplace,CA,33.873496,-118.308833,10.8,burrito:Chicken Burrito
1964,Oxnard,CA,34.234003,-119.178705,10.65,burrito:Chicken Burrito
1967,Larchmont Village,CA,34.076439,-118.323939,10.2,burrito:Chicken Burrito
198,Torrance Crossroads,CA,33.801825,-118.328423,11.25,burrito:Chicken Burrito
199,Pacific Beach,CA,32.799725,-117.242512,10.95,burrito:Chicken Burrito
1996,Baldwin Hills,CA,34.013287,-118.336632,10.2,burrito:Chicken Burrito
1998,Chico Mall,CA,39.727558,-121.805007,10.15,burrito:Chicken Burrito
200,Howe & Arden,CA,38.597374,-121.415885,10.15,burrito:Chicken Burrito
2028,Bay Meadows,CA,37.544689,-122.291481,11.35,burrito:Chicken Burrito
2034,4S Ranch,CA,33.019872,-117.110737,10.65,burrito:Chicken Burrito
204,Hawthorne,CA,33.90122,-118.373185,10.35,burrito:Chicken Burrito
2044,Santa Rosa Coddingtown,CA,38.458375,-122.730127,11.65,burrito:Chicken Burrito
2047,Santa Clara,CA,37.352049,-121.960205,10.8,burrito:Chicken Burrito
2048,Martinez,CA,37.994675,-122.105783,11.15,burrito:Chicken Burrito
2053,Centerpointe,CA,33.858361,-118.030546,10.5,burrito:Chicken Burrito
2059,Petaluma,CA,38.243616,-122.62638,11.65,burrito:Chicken Burrito
2062,Anaheim,CA,33.818736,-117.941747,10.5,burrito:Chicken Burrito
2068,Bakersfield NW,CA,35.401167,-119.091835,10.65,burrito:Chicken Burrito
207,East Pas,CA,34.151701,-118.080225,9.8,burrito:Chicken Burrito
2070,Woodbury Town Center,CA,33.698406,-117.740873,10.15,burrito:Chicken Burrito
2074,Huntington Oaks,CA,34.139865,-118.012466,10.8,burrito:Chicken Burrito
2078,Livermore,CA,37.699108,-121.741628,10.95,burrito:Chicken Burrito
2080,Stonestown Galleria,CA,37.727635,-122.476593,10.5,burrito:Chicken Burrito
2083,Santa Anita,CA,34.135728,-118.049735,10.5,burrito:Chicken Burrito
2086,Kearny Mesa,CA,32.831741,-117.165205,9.95,burrito:Chicken Burrito
2092,East Escondido,CA,33.130275,-117.066471,10.95,burrito:Chicken Burrito
2093,Fashion Square Mall,CA,34.15663,-118.437435,10.8,burrito:Chicken Burrito
2094,West Covina,CA,34.071113,-117.932782,10.65,burrito:Chicken Burrito
2095,Century City,CA,34.058179,-118.419647,9.95,burrito:Chicken Burrito
2099,Gosford Village,CA,35.306519,-119.092532,10.5,burrito:Chicken Burrito
211,Cupertino,CA,37.317286,-122.032759,10.5,burrito:Chicken Burrito
2110,McKee and N. Capitol Ave.,CA,37.371156,-121.844861,11.25,burrito:Chicken Burrito
2114,Brea Mall,CA,33.915372,-117.887265,10.95,burrito:Chicken Burrito
2116,UC Irvine,CA,33.649611,-117.83931,9.95,burrito:Chicken Burrito
2133,Chula Vista H Street,CA,32.631549,-117.08836,10.5,burrito:Chicken Burrito
2137,Gilroy Ca,CA,37.002972,-121.551949,10.5,burrito:Chicken Burrito
2138,Evergreen,CA,37.331238,-121.812137,11.15,burrito:Chicken Burrito
2149,Rivermark,CA,37.394826,-121.946348,10.65,burrito:Chicken Burrito
215,Rancho Cucamonga,CA,34.106191,-117.568843,10.8,burrito:Chicken Burrito
2150,Monterey,CA,36.596934,-121.894483,10.95,burrito:Chicken Burrito
2151,Coleman Landings,CA,37.350606,-121.922255,11.35,burrito:Chicken Burrito
2156,Colonies Crossroads,CA,34.132404,-117.636583,10.8,burrito:Chicken Burrito
2157,Del Amo Dining Terrace,CA,33.831467,-118.349755,11.15,burrito:Chicken Burrito
2158,East Sacramento,CA,38.557678,-121.436589,10.35,burrito:Chicken Burrito
2164,Miramar Air Station USMC,CA,32.889744,-117.132437,10.35,burrito:Chicken Burrito
2185,Chatsworth,CA,34.237531,-118.589083,10.35,burrito:Chicken Burrito
2186,Vacaville Nut Tree,CA,38.366921,-121.962349,10.65,burrito:Chicken Burrito
2187,San Rafael Montecito Plaza,CA,37.96967,-122.516735,11.8,burrito:Chicken Burrito
219,Castro Valley,CA,37.695358,-122.076805,11.25,burrito:Chicken Burrito
221,San Ramon,CA,37.775162,-121.978021,10.95,burrito:Chicken Burrito
2212,Culver City Terrace,CA,33.985652,-118.393062,10.5,burrito:Chicken Burrito
2214,Santa Ana College,CA,33.760371,-117.885993,10.35,burrito:Chicken Burrito
2220,Azalea South Gate,CA,33.952508,-118.185617,10.65,burrito:Chicken Burrito
2227,Santa Ana,CA,33.738685,-117.919629,10.8,burrito:Chicken Burrito
2236,San Fernando,CA,34.283559,-118.441346,10.65,burrito:Chicken Burrito
2237,Glendale Galleria,CA,34.145115,-118.259277,10.8,burrito:Chicken Burrito
2238,Huntington Park,CA,33.974481,-118.233506,10.65,burrito:Chicken Burrito
2241,Compton,CA,33.876523,-118.217833,10.65,burrito:Chicken Burrito
2258,San Jose Village Oaks,CA,37.248665,-121.802916,10.8,burrito:Chicken Burrito
2260,Paso Robles II,CA,35.614792,-120.683402,10.5,burrito:Chicken Burrito
2261,Chino,CA,34.031921,-117.690287,10.95,burrito:Chicken Burrito
2269,Pomona,CA,34.033712,-117.756774,10.8,burrito:Chicken Burrito
227,Woodland Hills,CA,34.16985,-118.605267,10.8,burrito:Chicken Burrito
228,La Mesa,CA,32.773612,-117.02693,10.8,burrito:Chicken Burrito
2286,Southbay Pavilion,CA,33.846577,-118.263448,11.35,burrito:Chicken Burrito
229,Fountain Valley,CA,33.687593,-117.954502,10.15,burrito:Chicken Burrito
2292,San Leandro,CA,37.723357,-122.15397,11.15,burrito:Chicken Burrito
2293,SF Geary & Masonic,CA,37.78183,-122.445633,11.65,burrito:Chicken Burrito
230,Upland,CA,34.108384,-117.669856,9.8,burrito:Chicken Burrito
2302,Campus Plaza,CA,32.761239,-117.066656,10.65,burrito:Chicken Burrito
231,Gilman,CA,37.879525,-122.296172,10.95,burrito:Chicken Burrito
2315,Vallejo,CA,38.13697,-122.215023,10.8,burrito:Chicken Burrito
2316,Rocklin Commons,CA,38.804619,-121.206535,10.65,burrito:Chicken Burrito
2317,South Fontana,CA,34.062702,-117.435064,10.15,burrito:Chicken Burrito
2320,Signal Hill,CA,33.811973,-118.18128,11.15,burrito:Chicken Burrito
2321,Temple City,CA,34.104598,-118.073861,10.5,burrito:Chicken Burrito
233,Redlands,CA,34.061156,-117.182877,10.35,burrito:Chicken Burrito
2346,West Ontario,CA,34.033736,-117.628874,10.5,burrito:Chicken Burrito
235,Mira Mesa,CA,32.913856,-117.146019,10.8,burrito:Chicken Burrito
2360,North Rialto,CA,34.134814,-117.369287,10.8,burrito:Chicken Burrito
2361,The Plant,CA,34.215632,-118.448389,10.65,burrito:Chicken Burrito
2367,La Costa Town Square,CA,33.082009,-117.235829,10.65,burrito:Chicken Burrito
2372,Tulare,CA,36.226341,-119.328949,10.65,burrito:Chicken Burrito
2373,Van Buren & Trautwein,CA,33.890269,-117.324317,10.35,burrito:Chicken Burrito
2374,Eagle Rock,CA,34.138336,-118.214607,10.35,burrito:Chicken Burrito
2384,Alameda Landing,CA,37.786139,-122.281214,10.95,burrito:Chicken Burrito
2387,Park West Stockton,CA,38.05393,-121.3747,10.65,burrito:Chicken Burrito
2399,Montebello,CA,34.018922,-118.105875,10.8,burrito:Chicken Burrito
2412,Tanforan Food Court,CA,37.637204,-122.417247,11.25,burrito:Chicken Burrito
2415,South Napa,CA,38.285897,-122.274356,11.65,burrito:Chicken Burrito
2424,Rialto,CA,34.077251,-117.370727,10.35,burrito:Chicken Burrito
2425,Eastlake,CA,32.647206,-116.96553,11.15,burrito:Chicken Burrito
2434,Temecula,CA,33.524085,-117.158949,10.8,burrito:Chicken Burrito
2446,Promenade at Downey,CA,33.922263,-118.131536,10.8,burrito:Chicken Burrito
2449,Dublin Hacienda,CA,37.705657,-121.890836,11.35,burrito:Chicken Burrito
2461,West Hollywood,CA,34.075866,-118.373895,10.95,burrito:Chicken Burrito
2462,Valley Plaza Food Court,CA,35.337714,-119.035162,10.5,burrito:Chicken Burrito
2472,Rancho Cordova Rivergate,CA,38.617043,-121.26897,10.35,burrito:Chicken Burrito
2501,Monterey & Dinah Shore,CA,33.801507,-116.387342,10.65,burrito:Chicken Burrito
2502,Hanford,CA,36.3289,-119.6731,10.8,burrito:Chicken Burrito
2544,Oakland Broadway & 30th,CA,37.819095,-122.26237,10.8,burrito:Chicken Burrito
2545,Garden Grove Promenade,CA,33.788829,-117.963191,10.95,burrito:Chicken Burrito
2549,Cupertino Homestead Square,CA,37.337322,-122.036457,10.8,burrito:Chicken Burrito
2583,Rolling Hills Estates,CA,33.776098,-118.375914,9.95,burrito:Chicken Burrito
2598,Tyler Street,CA,33.90712,-117.458253,10.35,burrito:Chicken Burrito
260,Bakersfield,CA,35.354548,-119.057057,10.5,burrito:Chicken Burrito
2600,National City,CA,32.660442,-117.105087,10.8,burrito:Chicken Burrito
261,Beverly Hills,CA,34.063337,-118.398891,10.95,burrito:Chicken Burrito
2610,Corona Crossings,CA,33.82365,-117.516599,10.95,burrito:Chicken Burrito
2619,Anaheim Town Square,CA,33.83961,-117.888693,9.8,burrito:Chicken Burrito
2635,Auburn,CA,38.941045,-121.09611,10.5,burrito:Chicken Burrito
2647,Mountain Grove,CA,34.073997,-117.205073,10.5,burrito:Chicken Burrito
2648,Madera,CA,36.973888,-120.082878,10.65,burrito:Chicken Burrito
2653,Briggsmore Center,CA,37.671339,-120.994148,10.8,burrito:Chicken Burrito
2657,Los Cerritos,CA,33.860461,-118.092518,11.25,burrito:Chicken Burrito
2677,El Cajon East,CA,32.794781,-116.934935,10.8,burrito:Chicken Burrito
2678,Mission Marketplace,CA,33.245196,-117.290349,10.15,burrito:Chicken Burrito
2681,Harbor and Orangethorpe,CA,33.859707,-117.923852,10.5,burrito:Chicken Burrito
2687,Livermore Outlets,CA,37.698464,-121.84492,11.15,burrito:Chicken Burrito
2701,Riverbank,CA,37.711362,-120.958054,10.8,burrito:Chicken Burrito
2703,Berkeley Shattuck,CA,37.868863,-122.26751,9.8,burrito:Chicken Burrito
2711,Mission Hills,CA,34.258844,-118.467198,10.65,burrito:Chicken Burrito
2725,Rancho Santa Margarita,CA,33.639077,-117.594022,10.65,burrito:Chicken Burrito
2739,West Shaw,CA,36.808313,-119.872126,10.8,burrito:Chicken Burrito
274,Sunrise,CA,38.672049,-121.272114,10.35,burrito:Chicken Burrito
2741,Pleasant Hill Center,CA,37.978775,-122.066619,11.15,burrito:Chicken Burrito
2746,Ukiah,CA,39.151643,-123.199436,11.25,burrito:Chicken Burrito
275,Creekside,CA,38.770149,-121.264757,10.5,burrito:Chicken Burrito
2767,Thousand Oaks,CA,34.182059,-118.884967,10.8,burrito:Chicken Burrito
279,Cherry Orchard,CA,37.367819,-122.036189,10.95,burrito:Chicken Burrito
2828,SF 400 Howard Street,CA,37.788882,-122.396157,12.1,burrito:Chicken Burrito
2846,Fair Oaks Madison,CA,38.661606,-121.226037,10.5,burrito:Chicken Burrito
2865,Tracy,CA,37.7567,-121.4626,10.8,burrito:Chicken Burrito
2866,Sierra Lakes,CA,34.138627,-117.441473,10.95,burrito:Chicken Burrito
2876,Clovis NE,CA,36.837044,-119.682797,10.65,burrito:Chicken Burrito
2877,Crenshaw Imperial Plaza,CA,33.930758,-118.325539,10.2,burrito:Chicken Burrito
2892,Manchester Mall,CA,36.781636,-119.790074,10.8,burrito:Chicken Burrito
2893,Paramount,CA,33.889544,-118.159775,11.15,burrito:Chicken Burrito
290,Granite Bay,CA,38.74307,-121.22751,10.5,burrito:Chicken Burrito
2906,Arroyo Grande,CA,35.12023,-120.601663,10.65,burrito:Chicken Burrito
2911,Victory Plaza,CA,34.187098,-118.417114,10.65,burrito:Chicken Burrito
2941,Crown Valley,CA,33.55954,-117.671356,10.35,burrito:Chicken Burrito
2942,Tustin Legacy,CA,33.712597,-117.817131,10.15,burrito:Chicken Burrito
2944,Mar Vista,CA,34.022651,-118.439204,10.2,burrito:Chicken Burrito
2945,Marina,CA,36.665904,-121.809654,10.5,burrito:Chicken Burrito
2947,Imperial Beach,CA,32.583743,-117.115371,10.5,burrito:Chicken Burrito
2955,Perris,CA,33.807429,-117.22663,10.5,burrito:Chicken Burrito
2974,Hacienda Valley,CA,34.02197,-117.959587,10.8,burrito:Chicken Burrito
2975,Baldwin Park,CA,34.069359,-117.972809,10.8,burrito:Chicken Burrito
2985,Citadel Outlets,CA,34.00544,-118.152899,10.2,burrito:Chicken Burrito
2988,South Park,CA,34.041789,-118.258498,10.2,burrito:Chicken Burrito
299,Weberstown,CA,37.994695,-121.31342,10.15,burrito:Chicken Burrito
2998,Sacramento Delta Shores,CA,38.4656,-121.4912,10.65,burrito:Chicken Burrito
3005,Fremont Warm Springs,CA,37.511047,-121.940733,11.35,burrito:Chicken Burrito
3011,Fox Hills,CA,33.988136,-118.393006,10.2,burrito:Chicken Burrito
3012,Shops at Mission Viejo,CA,33.558168,-117.668539,10.95,burrito:Chicken Burrito
3026,North Hills,CA,34.223617,-118.501788,10.15,burrito:Chicken Burrito
3035,Mt Vernon Bakersfield,CA,35.392482,-118.967716,10.8,burrito:Chicken Burrito
3041,Banning,CA,33.923274,-116.945548,10.35,burrito:Chicken Burrito
3062,Echo Park,CA,34.077065,-118.264695,10.35,burrito:Chicken Burrito
3066,Selma,CA,36.576644,-119.631736,10.65,burrito:Chicken Burrito
3068,San Jose Sun Garden,CA,37.314568,-121.871725,11.5,burrito:Chicken Burrito
3069,San Jose One South Market,CA,37.334998,-121.892604,11.15,burrito:Chicken Burrito
3078,North County Mall,CA,33.070588,-117.067433,10.15,burrito:Chicken Burrito
309,Walnut Creek,CA,37.895627,-122.061109,11.35,burrito:Chicken Burrito
3094,Ladera Heights,CA,33.978404,-118.370962,10.8,burrito:Chicken Burrito
3104,Cabazon,CA,33.923606,-116.805283,10.8,burrito:Chicken Burrito
3119,City West,CA,34.054046,-118.262461,9.65,burrito:Chicken Burrito
3132,Brookhurst St,CA,33.713977,-117.953572,10.65,burrito:Chicken Burrito
3148,Diamond Bar,CA,34.020989,-117.810495,10.15,burrito:Chicken Burrito
3162,Del Paso Marketplace,CA,38.655529,-121.523951,10.15,burrito:Chicken Burrito
3168,Downtown Long Beach,CA,33.769909,-118.193141,10.35,burrito:Chicken Burrito
3179,Claremont Promenade,CA,34.079826,-117.719604,10.8,burrito:Chicken Burrito
3183,Todos Santos,CA,37.976754,-122.035452,10.95,burrito:Chicken Burrito
3184,Cerritos College Square,CA,33.8873,-118.1022,9.95,burrito:Chicken Burrito
3219,Seabridge,CA,34.188358,-119.222115,10.65,burrito:Chicken Burrito
3227,Tower District,CA,38.561828,-121.491902,10.35,burrito:Chicken Burrito
3252,Porterville,CA,36.0807,-119.043549,10.8,burrito:Chicken Burrito
326,Palmdale,CA,34.602263,-118.150175,10.8,burrito:Chicken Burrito
3277,Hollister,CA,36.843323,-121.390773,10.95,burrito:Chicken Burrito
3288,ELK GROVE 2,CA,38.408353,-121.449199,10.35,burrito:Chicken Burrito
3293,Santa Clara Square,CA,37.379291,-121.97449,11.25,burrito:Chicken Burrito
333,Riverside Plaza,CA,33.955624,-117.389371,10.15,burrito:Chicken Burrito
3338,Pleasanton,CA,37.658794,-121.898122,10.95,burrito:Chicken Burrito
3352,Eureka,CA,40.785067,-124.182365,10.15,burrito:Chicken Burrito
3372,Aliso Viejo,CA,33.576777,-117.725076,10.5,burrito:Chicken Burrito
3373,Placentia,CA,33.887511,-117.862948,9.95,burrito:Chicken Burrito
3388,Oroville,CA,39.497477,-121.574288,10.35,burrito:Chicken Burrito
3395,El Dorado Hills,CA,38.65217,-121.067986,10.95,burrito:Chicken Burrito
3403,Sycamore Hills,CA,34.121708,-117.68875,10.5,burrito:Chicken Burrito
3407,River Crossings Marketplace,CA,40.538961,-122.357541,10.8,burrito:Chicken Burrito
3419,Watsonville,CA,36.915479,-121.768337,11.25,burrito:Chicken Burrito
3428,Bristol St,CA,33.667885,-117.882953,10.8,burrito:Chicken Burrito
3437,Freedom Point,CA,38.7608,-121.2874,10.95,burrito:Chicken Burrito
3446,Yucaipa,CA,34.027409,-117.11866,10.8,burrito:Chicken Burrito
3472,DOCO,CA,38.58117,-121.500204,10.35,burrito:Chicken Burrito
3479,South Pasadena,CA,34.115575,-118.15078,10.8,burrito:Chicken Burrito
3504,Indio,CA,33.742747,-116.216864,10.35,burrito:Chicken Burrito
3505,SLT,CA,38.948013,-119.958085,10.8,burrito:Chicken Burrito
3506,Reynolds Ranch,CA,38.100763,-121.26707,10.35,burrito:Chicken Burrito
3534,CSUN,CA,34.236922,-118.535728,10.15,burrito:Chicken Burrito
3535,Lathrop,CA,37.811224,-121.299998,10.8,burrito:Chicken Burrito
3537,Foothill Ranch Relo,CA,33.677253,-117.666574,10.65,burrito:Chicken Burrito
3550,Bishop Ranch,CA,37.762315,-121.960954,11.5,burrito:Chicken Burrito
3577,PCC II,CA,34.146268,-118.115557,9.5,burrito:Chicken Burrito
3578,Hollywood Park,CA,33.945614,-118.331624,10.2,burrito:Chicken Burrito
3586,Los Banos,CA,37.057266,-120.832894,10.65,burrito:Chicken Burrito
3588,Costa Mesa,CA,33.629583,-117.90936,9.8,burrito:Chicken Burrito
3612,Chico North,CA,39.761531,-121.842141,10.5,burrito:Chicken Burrito
364,Burbank,CA,34.181214,-118.311737,10.5,burrito:Chicken Burrito
3640,Moorpark,CA,34.2789,-118.866647,10.5,burrito:Chicken Burrito
3648,Southport Town Center,CA,38.550914,-121.538349,10.65,burrito:Chicken Burrito
3662,Hayward,CA,37.67885,-122.08481,11.25,burrito:Chicken Burrito
3666,Ridgecrest,CA,35.609492,-117.670123,10.5,burrito:Chicken Burrito
3669,East Palmdale,CA,34.576296,-118.046214,10.95,burrito:Chicken Burrito
3671,Coronado Island,CA,32.682677,-117.178774,10.95,burrito:Chicken Burrito
3674,French Valley,CA,33.598812,-117.117248,10.5,burrito:Chicken Burrito
3697,Stadium Crossings,CA,33.803882,-117.886198,10.65,burrito:Chicken Burrito
3745,Arden Park,CA,38.595757,-121.386897,10.95,burrito:Chicken Burrito
3755,The Vineyards,CA,34.275514,-118.572534,10.8,burrito:Chicken Burrito
3782,Sand Canyon,CA,33.66893,-117.764748,10.65,burrito:Chicken Burrito
3793,LAC & USC Med Center,CA,34.06404,-118.202104,10.5,burrito:Chicken Burrito
3811,Blue Oaks Plaza,CA,38.7918,-121.356055,10.65,burrito:Chicken Burrito
3819,Novato RELO,CA,38.091581,-122.556136,11.15,burrito:Chicken Burrito
382,Chico,CA,39.734389,-121.835142,10.15,burrito:Chicken Burrito
3840,Bouquet Canyon,CA,34.427711,-118.537346,10.65,burrito:Chicken Burrito
3854,West Whittier,CA,33.980084,-118.050308,11.15,burrito:Chicken Burrito
3857,Encinitas Relo,CA,33.04945,-117.260551,10.8,burrito:Chicken Burrito
3876,Highland II,CA,34.108313,-117.195754,10.5,burrito:Chicken Burrito
3909,Lake Elsinore,CA,33.692074,-117.335568,10.15,burrito:Chicken Burrito
3912,Veterans Plaza,CA,33.88801,-117.279581,10.5,burrito:Chicken Burrito
3928,East Brentwood,CA,37.946034,-121.696034,10.95,burrito:Chicken Burrito
3933,Norwalk CA,CA,33.917263,-118.065426,10.35,burrito:Chicken Burrito
3939,Corona Del Mar,CA,33.598516,-117.871516,10.65,burrito:Chicken Burrito
3960,Northpark Plaza Relo,CA,33.72293,-117.77245,10.95,burrito:Chicken Burrito
3961,Cathedral City,CA,33.778094,-116.459476,11.15,burrito:Chicken Burrito
3962,Delano,CA,35.74798,-119.248504,10.65,burrito:Chicken Burrito
3970,Clinton Keith,CA,33.598149,-117.172588,10.5,burrito:Chicken Burrito
3982,Bunker Hill,CA,34.053669,-118.251486,10.35,burrito:Chicken Burrito
3983,Old Towne Orange,CA,33.789543,-117.85272,10.15,burrito:Chicken Burrito
3995,395 and Palmdale II,CA,34.507283,-117.395886,10.95,burrito:Chicken Burrito
4008,Foothill Blvd,CA,34.10785,-117.48919,10.65,burrito:Chicken Burrito
4009,Ontario Ranch,CA,34.00075,-117.55841,10.65,burrito:Chicken Burrito
4014,Ceres,CA,37.580028,-120.941808,11.35,burrito:Chicken Burrito
4024,Hoover & Adams USC,CA,34.032096,-118.284247,10.65,burrito:Chicken Burrito
4039,Lancaster College Plaza,CA,34.674519,-118.183868,10.65,burrito:Chicken Burrito
4047,West Azusa,CA,34.133283,-117.926712,10.5,burrito:Chicken Burrito
4110,1300 Broadway - Oakland,CA,37.803665,-122.271377,10.8,burrito:Chicken Burrito
4124,Clayton,CA,37.950082,-121.957979,10.8,burrito:Chicken Burrito
4147,Magnolia and Atlanta,CA,33.658074,-117.970629,10.5,burrito:Chicken Burrito
4155,Anatolia Marketplace,CA,38.557531,-121.243497,10.8,burrito:Chicken Burrito
4186,Folsom Lake,CA,38.743916,-121.171776,10.65,burrito:Chicken Burrito
4212,Herndon & Brawley,CA,36.836519,-119.862394,10.8,burrito:Chicken Burrito
4224,Santa Maria Relo,CA,34.924765,-120.425807,10.65,burrito:Chicken Burrito
4227,La Cienega Blvd,CA,34.049185,-118.375836,10.95,burrito:Chicken Burrito
4228,Sunset & Vine Relo,CA,34.097859,-118.326298,10.35,burrito:Chicken Burrito
4247,Tehachapi 2,CA,35.130966,-118.466885,10.65,burrito:Chicken Burrito
4277,Arena & I-5,CA,38.642915,-121.522465,10.15,burrito:Chicken Burrito
4299,Plaza & 198,CA,36.332454,-119.391475,10.95,burrito:Chicken Burrito
430,Redwood City,CA,37.485816,-122.228957,10.65,burrito:Chicken Burrito
4311,The Ridge,CA,38.407021,-121.417074,10.65,burrito:Chicken Burrito
4316,Oakhurst,CA,37.33177,-119.65668,9.95,burrito:Chicken Burrito
4317,Loma Vista Marketplace,CA,36.806503,-119.64035,10.65,burrito:Chicken Burrito
4366,Yucca Valley,CA,34.125591,-116.407289,10.65,burrito:Chicken Burrito
4374,El Centro,CA,32.810821,-115.569267,10.8,burrito:Chicken Burrito
4382,Patterson,CA,37.464429,-121.138377,11.15,burrito:Chicken Burrito
4418,I10 & Washington,CA,33.762912,-116.301207,10.95,burrito:Chicken Burrito
4434,Jurupa Valley,CA,34.012904,-117.462321,10.35,burrito:Chicken Burrito
4441,Heritage Lake,CA,33.721792,-117.158018,10.5,burrito:Chicken Burrito
4455,Chino Preserve,CA,33.959079,-117.618489,10.95,burrito:Chicken Burrito
4531,Panama & Old River,CA,35.296012,-119.111053,10.95,burrito:Chicken Burrito
4532,Main & Atherton - Manteca,CA,37.778988,-121.218403,10.95,burrito:Chicken Burrito
4535,Dixon - Hwy 113 & Vaughn,CA,38.466589,-121.821791,10.15,burrito:Chicken Burrito
4539,Buena Vista & White,CA,35.324745,-119.128107,10.95,burrito:Chicken Burrito
4597,Wildomar,CA,33.597815,-117.240529,10.8,burrito:Chicken Burrito
4598,El Camino & Spruce - S San Francisco,CA,37.642408,-122.424452,11.25,burrito:Chicken Burrito
4626,Sanger,CA,36.690386,-119.577425,10.15,burrito:Chicken Burrito
4639,Winchester & Domenigoni,CA,33.696676,-117.086589,10.5,burrito:Chicken Burrito
4642,Morro Rd & Hwy 101 - Atascadero,CA,35.483778,-120.665005,10.8,burrito:Chicken Burrito
4670,9th & Hwy 101 - Crescent City,CA,41.75776,-124.198232,9.2,burrito:Chicken Burrito
4679,Redwood Shores,CA,37.521541,-122.25271,10.65,burrito:Chicken Burrito
4681,Hammer & West,CA,38.021278,-121.297019,10.8,burrito:Chicken Burrito
472,Tustin,CA,33.745132,-117.814616,10.15,burrito:Chicken Burrito
4723,Dinuba & Riggin,CA,36.356646,-119.297884,10.8,burrito:Chicken Burrito
479,Oceanside,CA,33.181828,-117.331323,10.35,burrito:Chicken Burrito
4794,Davis & I-80,CA,38.348022,-121.985897,10.8,burrito:Chicken Burrito
4795,Escondido Promenade Relo,CA,33.113925,-117.101854,10.8,burrito:Chicken Burrito
4798,5th & G St,CA,34.108576,-117.298381,10.65,burrito:Chicken Burrito
4808,Bellflower & Cedar,CA,33.871812,-118.124664,11.15,burrito:Chicken Burrito
4822,Jefferson & Avenue 50,CA,33.686334,-116.268568,10.35,burrito:Chicken Burrito
4825,Richmond Pkwy & I-80,CA,37.983146,-122.31903,11.8,burrito:Chicken Burrito
4840,Campus & Hwy 99,CA,37.275057,-120.431637,10.65,burrito:Chicken Burrito
4864,Rancho Vista & Town Center,CA,34.61203,-118.19933,10.8,burrito:Chicken Burrito
487,Norco,CA,33.902633,-117.561865,10.5,burrito:Chicken Burrito
4876,Hwy 180 & 1st,CA,36.734661,-120.063093,10.8,burrito:Chicken Burrito
4881,Carolyn Weston & Manthey,CA,37.911337,-121.297182,10.65,burrito:Chicken Burrito
4882,Main & Hwy 113,CA,38.676834,-121.753421,10.5,burrito:Chicken Burrito
4903,Navajo Rd & Lake Murray,CA,32.803877,-117.007622,10.65,burrito:Chicken Burrito
4928,Blythe,CA,33.609027,-114.605256,9.5,burrito:Chicken Burrito
4983,Manning & I - Reedley,CA,36.602375,-119.463079,10.8,burrito:Chicken Burrito
5012,Atlantic & 37th,CA,33.824488,-118.184608,11.25,burrito:Chicken Burrito
5064,Sunset & Pebble Creek,CA,38.796745,-121.266681,9.8,burrito:Chicken Burrito
5108,Hwy 49 & Industry,CA,38.370645,-120.80009,10.35,burrito:Chicken Burrito
5131,Bass Lake & Sienna Ridge,CA,38.675326,-121.029775,10.95,burrito:Chicken Burrito
5138,Fletcher Pkwy & Johnson,CA,32.808198,-116.971421,10.15,burrito:Chicken Burrito
5168,Christie & Shellmound,CA,37.836589,-122.294973,10.95,burrito:Chicken Burrito
5199,Hamner & Schleisman,CA,33.95664,-117.55799,10.5,burrito:Chicken Burrito
5256,Los Feliz & Revere,CA,34.126647,-118.264035,10.8,burrito:Chicken Burrito
5257,Carson & Berendo,CA,33.831896,-118.293168,10.95,burrito:Chicken Burrito
5262,Beale & Feather River,CA,39.125012,-121.574935,10.95,burrito:Chicken Burrito
5263,Chiles & Mace,CA,38.55113,-121.69354,10.5,burrito:Chicken Burrito
5296,Mission & Centre City,CA,33.1281,-117.09187,10.8,burrito:Chicken Burrito
5362,Bardsley & Mooney,CA,36.196996,-119.311407,10.65,burrito:Chicken Burrito
5395,Beach Blvd. & Chapman,CA,33.787728,-117.993499,10.5,burrito:Chicken Burrito
5398,Sand Canyon & Soledad Canyon,CA,34.42745,-118.422791,10.8,burrito:Chicken Burrito
5401,Laurel & Ohara,CA,37.98465,-121.71351,11.35,burrito:Chicken Burrito
5440,McKinley & Griffin Way,CA,33.888073,-117.519946,10.65,burrito:Chicken Burrito
5472,Waterloo & Hwy 99,CA,37.987792,-121.244482,10.8,burrito:Chicken Burrito
5473,Watt & Winona,CA,38.652169,-121.383639,10.5,burrito:Chicken Burrito
5486,Fulton & Marconi R,CA,38.615633,-121.401939,10.65,burrito:Chicken Burrito
5510,Mission & Harder,CA,37.650182,-122.06636,11.25,burrito:Chicken Burrito
5511,Mt Hermon & Skypark,CA,37.048273,-122.0317,11.25,burrito:Chicken Burrito
5530,El Monte & Alta,CA,36.546154,-119.395804,10.8,burrito:Chicken Burrito
5536,Dale & Grewal,CA,37.706811,-121.049568,10.8,burrito:Chicken Burrito
5597,Moreno Beach & Trail Ridge,CA,33.934976,-117.179329,10.5,burrito:Chicken Burrito
5676,Poway Relo,CA,32.956698,-117.038516,10.8,burrito:Chicken Burrito
5704,Mountain House & Grant Line,CA,37.75815,-121.5324,10.95,burrito:Chicken Burrito
5735,El Segundo Blvd & 405 Fwy,CA,33.91678,-118.36771,10.5,burrito:Chicken Burrito
5796,Hanford Armona & Fox,CA,36.313107,-119.784342,10.95,burrito:Chicken Burrito
5817,Tapo Canyon & Alamo,CA,34.28678,-118.71637,10.8,burrito:Chicken Burrito
5832,Arneill Rd & Ponderosa,CA,34.224052,-119.038154,10.8,burrito:Chicken Burrito
588,The Curve,CA,34.07317,-117.882161,10.95,burrito:Chicken Burrito
596,The Village,CA,33.825811,-117.836411,10.15,burrito:Chicken Burrito
601,Natomas,CA,38.638697,-121.504965,10.5,burrito:Chicken Burrito
603,Grosvenor Square,CA,32.751195,-117.205564,10.5,burrito:Chicken Burrito
621,Vista Village,CA,33.200581,-117.244873,10.95,burrito:Chicken Burrito
651,Fremont,CA,37.554387,-121.981729,10.8,burrito:Chicken Burrito
679,Lakewood Mall,CA,33.85416,-118.141947,11.15,burrito:Chicken Burrito
680,Cerritos,CA,33.872793,-118.064185,10.5,burrito:Chicken Burrito
684,Cal State Fullerton,CA,33.874546,-117.890095,9.65,burrito:Chicken Burrito
697,Telegraph Ave.,CA,37.868367,-122.258959,9.8,burrito:Chicken Burrito
704,Rancho Cordova,CA,38.594345,-121.28845,10.5,burrito:Chicken Burrito
705,Yuba City,CA,39.142598,-121.629673,10.65,burrito:Chicken Burrito
706,Newbury Park,CA,34.191179,-118.937736,10.5,burrito:Chicken Burrito
737,Downey,CA,33.937825,-118.129544,9.8,burrito:Chicken Burrito
758,Farmers Market,CA,34.073633,-118.360931,10.5,burrito:Chicken Burrito
759,Valencia,CA,34.442702,-118.573836,10.5,burrito:Chicken Burrito
785,Ontario Mills,CA,34.077662,-117.557563,10.15,burrito:Chicken Burrito
801,Mountain View,CA,37.421855,-122.096558,10.35,burrito:Chicken Burrito
804,Delta Gateway,CA,38.005509,-121.839451,10.5,burrito:Chicken Burrito
805,Bristol Center,CA,33.698363,-117.885057,10.35,burrito:Chicken Burrito
825,Long Beach,CA,33.790174,-118.138672,9.8,burrito:Chicken Burrito
829,Walnut,CA,34.027892,-117.833865,9.95,burrito:Chicken Burrito
839,525 Market Street,CA,37.790383,-122.399436,12.1,burrito:Chicken Burrito
875,Simi Valley,CA,34.284132,-118.775359,10.8,burrito:Chicken Burrito
887,El Segundo,CA,33.91969,-118.39649,10.35,burrito:Chicken Burrito
908,Ventura,CA,34.266791,-119.246065,10.8,burrito:Chicken Burrito
912,Clovis,CA,36.808266,-119.693632,10.65,burrito:Chicken Burrito
913,Miracle Mile,CA,34.062163,-118.3502,9.95,burrito:Chicken Burrito
926,Highland Plaza,CA,38.78955,-121.280949,10.35,burrito:Chicken Burrito
929,South Lake,CA,34.141626,-118.132084,9.95,burrito:Chicken Burrito
934,Millbrae,CA,37.59665,-122.38617,10.65,burrito:Chicken Burrito
935,Glendora,CA,34.116352,-117.835618,10.8,burrito:Chicken Burrito
936,Redding,CA,40.585387,-122.353979,11.15,burrito:Chicken Burrito
945,USC,CA,34.016993,-118.282559,9.5,burrito:Chicken Burrito
956,San Bernardino,CA,34.069278,-117.261854,10.8,burrito:Chicken Burrito
962,Visalia,CA,36.2917,-119.31384,10.5,burrito:Chicken Burrito
976,Pacific Commons,CA,37.504362,-121.975593,11.15,burrito:Chicken Burrito
1,Evans,CO,39.678281,-104.967812,9.15,burrito:Chicken Burrito
10,Lowell,CO,39.762019,-105.034818,9.35,burrito:Chicken Burrito
1039,55th & Wads RELO,CO,39.793934,-105.080282,9.5,burrito:Chicken Burrito
1049,Castle Rock Shoppes,CO,39.414491,-104.86401,9.8,burrito:Chicken Burrito
1070,CS Univ Village,CO,38.902762,-104.818155,9.2,burrito:Chicken Burrito
1095,Ft Collins,CO,40.523765,-105.03686,9.35,burrito:Chicken Burrito
1105,Silverthorne,CO,39.630328,-106.071411,10.95,burrito:Chicken Burrito
114,Louisville,CO,39.966259,-105.163966,9.2,burrito:Chicken Burrito
1145,London Square Relo,CO,39.674409,-104.869623,9.35,burrito:Chicken Burrito
1189,Pueblo,CO,38.303272,-104.614993,9.5,burrito:Chicken Burrito
1291,Arapahoe & Parker,CO,39.59457,-104.806401,9.95,burrito:Chicken Burrito
13,Longmont,CO,40.152854,-105.111126,9.35,burrito:Chicken Burrito
143,Lone Tree,CO,39.537046,-104.879352,9.8,burrito:Chicken Burrito
1430,Bow Mar,CO,39.616581,-105.090435,9.8,burrito:Chicken Burrito
1528,Arapahoe Relo,CO,39.596871,-104.888084,9.35,burrito:Chicken Burrito
153,Garden of the Gods,CO,38.897084,-104.852678,9.35,burrito:Chicken Burrito
161,U Hills,CO,39.666446,-104.939882,9.65,burrito:Chicken Burrito
162,Commerce City,CO,39.803973,-104.93083,9.5,burrito:Chicken Burrito
185,Broadmoor,CO,38.801722,-104.819078,9.65,burrito:Chicken Burrito
1885,Park Meadows Relo,CO,39.567257,-104.880515,9.35,burrito:Chicken Burrito
189,Dry Creek,CO,39.580227,-104.961312,9.2,burrito:Chicken Burrito
2,Colorado,CO,39.728341,-104.940977,9.2,burrito:Chicken Burrito
23,Havana,CO,39.694589,-104.866242,9.35,burrito:Chicken Burrito
2355,Lafayette Crossings,CO,39.98639,-105.097962,9.5,burrito:Chicken Burrito
250,CSU,CO,40.578284,-105.077412,9.15,burrito:Chicken Burrito
254,Centennial,CO,39.595465,-104.84874,9.65,burrito:Chicken Burrito
255,Stapleton,CO,39.7579,-104.901543,9.2,burrito:Chicken Burrito
2555,Park Meadows Mall Food Court,CO,39.562747,-104.875857,10.15,burrito:Chicken Burrito
264,Thornton,CO,39.914773,-104.976009,9.5,burrito:Chicken Burrito
3192,45th & Peoria,CO,39.777639,-104.846422,9.5,burrito:Chicken Burrito
32,Monaco,CO,39.701821,-104.912519,9.2,burrito:Chicken Burrito
3245,Orchard Town Center,CO,39.958933,-104.992827,9.65,burrito:Chicken Burrito
3257,Westminster Plaza,CO,39.828657,-105.025453,9.8,burrito:Chicken Burrito
3376,Highlands Ranch,CO,39.542614,-104.940953,9.8,burrito:Chicken Burrito
3452,Brighton - Prairie Center,CO,39.957012,-104.775632,9.8,burrito:Chicken Burrito
35,Citadel,CO,38.845476,-104.756686,9.65,burrito:Chicken Burrito
3592,Crown Point Relo,CO,39.558086,-104.776917,9.8,burrito:Chicken Burrito
3889,Flatiron Crossing,CO,39.928411,-105.143128,9.5,burrito:Chicken Burrito
390,Hampden,CO,39.65349,-104.992173,9.35,burrito:Chicken Burrito
394,Powers,CO,38.877086,-104.718765,9.65,burrito:Chicken Burrito
3947,Interquest Pkwy,CO,38.989551,-104.794577,9.65,burrito:Chicken Burrito
4,Alameda,CO,39.711425,-104.983177,9.2,burrito:Chicken Burrito
40,FlyingDog,CO,38.904338,-104.774162,9.5,burrito:Chicken Burrito
4197,Clifton,CO,39.090573,-108.452673,9.5,burrito:Chicken Burrito
4280,Dublin CO,CO,38.926697,-104.715584,9.5,burrito:Chicken Burrito
4389,Castle Rock - Promenade Pkwy,CO,39.4193,-104.877707,9.8,burrito:Chicken Burrito
4612,Falcon,CO,38.942054,-104.608381,9.35,burrito:Chicken Burrito
4645,56th & Tower,CO,39.797378,-104.770832,9.5,burrito:Chicken Burrito
48,Cherry Creek,CO,39.718549,-104.949577,9.5,burrito:Chicken Burrito
4944,The Hill,CO,40.007276,-105.276584,9.2,burrito:Chicken Burrito
503,Colorado Mills,CO,39.734038,-105.160103,9.5,burrito:Chicken Burrito
5073,Fountain,CO,38.72,-104.71122,9.8,burrito:Chicken Burrito
5119,Runway 35N,CO,39.780071,-104.883995,9.5,burrito:Chicken Burrito
5383,Federal & Evans,CO,39.680298,-105.025154,9.65,burrito:Chicken Burrito
5384,Airport & Alameda,CO,39.707537,-104.790859,9.65,burrito:Chicken Burrito
54,6th & Broadway,CO,39.725503,-104.987019,9.35,burrito:Chicken Burrito
5480,Frederick CO,CO,40.08945,-104.94265,9.65,burrito:Chicken Burrito
5609,Peterson Space Force,CO,38.84283,-104.69268,9.8,burrito:Chicken Burrito
566,Smoky Hill,CO,39.611253,-104.752579,9.35,burrito:Chicken Burrito
5697,College & Drake,CO,40.553102,-105.077784,9.2,burrito:Chicken Burrito
5698,Voyager & Powers,CO,39.02163,-104.81769,9.8,burrito:Chicken Burrito
58,Chapel Hills,CO,38.946376,-104.802166,8.75,burrito:Chicken Burrito
581,Sheridan,CO,39.912443,-105.051281,9.35,burrito:Chicken Burrito
59,Parker,CO,39.518709,-104.770353,9.5,burrito:Chicken Burrito
599,Belleview Promenade,CO,39.62376,-104.896024,9.5,burrito:Chicken Burrito
6,Youngfield,CO,39.763151,-105.140088,9.35,burrito:Chicken Burrito
644,Wadsworth & Hampden,CO,39.660754,-105.080916,9.65,burrito:Chicken Burrito
650,17th & Main,CO,40.189192,-105.101798,9.2,burrito:Chicken Burrito
66,Iliff & Chambers,CO,39.674373,-104.810645,9.5,burrito:Chicken Burrito
67,Tejon,CO,38.833131,-104.823351,9.2,burrito:Chicken Burrito
68,Alameda & Wadsworth,CO,39.710324,-105.08215,9.65,burrito:Chicken Burrito
685,64th Ave. & Ward Rd.,CO,39.811396,-105.139667,9.35,burrito:Chicken Burrito
69,104th & Federal,CO,39.884269,-105.024708,9.65,burrito:Chicken Burrito
7,Tiffany,CO,39.652423,-104.903217,9.35,burrito:Chicken Burrito
71,Ken Caryl,CO,39.580354,-105.135026,9.8,burrito:Chicken Burrito
712,Lambertson Lakes,CO,39.871139,-104.976335,9.65,burrito:Chicken Burrito
73,LODO,CO,39.750284,-104.999073,9.35,burrito:Chicken Burrito
74,88th & Wadsworth,CO,39.856161,-105.082426,9.5,burrito:Chicken Burrito
745,Fitzsimons,CO,39.73993,-104.827753,9.5,burrito:Chicken Burrito
75,Buckley & Quincy,CO,39.640233,-104.792049,9.5,burrito:Chicken Burrito
755,Wildcat,CO,39.537418,-105.013889,9.5,burrito:Chicken Burrito
766,Colfax,CO,39.740578,-105.07842,9.35,burrito:Chicken Burrito
780,Loveland Factory Shops,CO,40.408322,-105.007667,9.65,burrito:Chicken Burrito
822,Taft,CO,40.407528,-105.097842,9.35,burrito:Chicken Burrito
871,I 70 & Tower,CO,39.764052,-104.774668,9.65,burrito:Chicken Burrito
894,29th Street,CO,40.016357,-105.257952,9.15,burrito:Chicken Burrito
896,Union Relo,CO,39.717486,-105.133629,9.65,burrito:Chicken Burrito
9,California,CO,39.745398,-104.991628,9.5,burrito:Chicken Burrito
910,U of N. Colorado,CO,40.412018,-104.691498,9.15,burrito:Chicken Burrito
911,Lowenstein Theatre,CO,39.739977,-104.957214,9.5,burrito:Chicken Burrito
943,Southlands,CO,39.604301,-104.707438,9.5,burrito:Chicken Burrito
946,Grand Junction,CO,39.083535,-108.588004,9.5,burrito:Chicken Burrito
970,Littleton,CO,39.613454,-104.988389,9.8,burrito:Chicken Burrito
1421,West Hartford,CT,41.762015,-72.742908,10.5,burrito:Chicken Burrito
1424,Darien CT,CT,41.090926,-73.45563,9.95,burrito:Chicken Burrito
1518,Glastonbury,CT,41.720467,-72.620982,10.15,burrito:Chicken Burrito
1575,Connecticut Post Mall,CT,41.238459,-73.035398,9.95,burrito:Chicken Burrito
1583,Fairfield CT,CT,41.157041,-73.240621,9.8,burrito:Chicken Burrito
1677,Buckland Hills,CT,41.811828,-72.528248,10.15,burrito:Chicken Burrito
1724,Enfield,CT,41.990546,-72.584436,10.35,burrito:Chicken Burrito
1748,Shoppes at Farmington Valley,CT,41.82352,-72.88427,10.15,burrito:Chicken Burrito
1763,Corbins Corner,CT,41.725602,-72.759226,10.15,burrito:Chicken Burrito
1903,Newington Gateway,CT,41.652349,-72.729538,10.35,burrito:Chicken Burrito
1927,Hamden,CT,41.369121,-72.918123,9.65,burrito:Chicken Burrito
1981,Yale,CT,41.306412,-72.926701,10.15,burrito:Chicken Burrito
2385,Wallingford,CT,41.497032,-72.806633,10.65,burrito:Chicken Burrito
2395,Riverside Commons,CT,41.04235,-73.578371,10.8,burrito:Chicken Burrito
2444,I95 NB Darien,CT,41.080578,-73.461234,11.95,burrito:Chicken Burrito
2559,Bridgeport Steelpointe,CT,41.178449,-73.181922,10.15,burrito:Chicken Burrito
2560,Shelton,CT,41.27582,-73.124023,10.35,burrito:Chicken Burrito
2730,Danbury Mill Plain Road,CT,41.392428,-73.522496,10.35,burrito:Chicken Burrito
2789,West Haven I95,CT,41.271229,-72.972761,10.5,burrito:Chicken Burrito
2827,Branford,CT,41.27763,-72.827453,10.5,burrito:Chicken Burrito
2887,Southington,CT,41.638481,-72.873199,10.5,burrito:Chicken Burrito
3124,Middletown CT,CT,41.554779,-72.679245,10.15,burrito:Chicken Burrito
3126,Wethersfield,CT,41.692542,-72.656257,10.35,burrito:Chicken Burrito
3488,Groton,CT,41.369655,-72.070601,9.5,burrito:Chicken Burrito
3536,Stratford,CT,41.202238,-73.117218,10.8,burrito:Chicken Burrito
3556,Norwich,CT,41.513345,-72.106799,10.35,burrito:Chicken Burrito
3582,Danbury Newtown Road,CT,41.41013,-73.412883,10.5,burrito:Chicken Burrito
3643,Southbury,CT,41.479177,-73.210364,10.65,burrito:Chicken Burrito
3717,New Milford,CT,41.550104,-73.415585,10.95,burrito:Chicken Burrito
3777,Torrington,CT,41.817207,-73.092076,10.5,burrito:Chicken Burrito
3865,Stamford High Ridge,CT,41.11053,-73.54657,10.15,burrito:Chicken Burrito
4069,Bristol,CT,41.698837,-72.894966,10.8,burrito:Chicken Burrito
4070,Mansfield,CT,41.73501,-72.19849,9.8,burrito:Chicken Burrito
4157,Cheshire Rte 10,CT,41.560731,-72.892174,10.5,burrito:Chicken Burrito
4235,Simsbury,CT,41.90074,-72.78692,10.35,burrito:Chicken Burrito
4341,Danbury Sugar Hollow,CT,41.380085,-73.475388,9.95,burrito:Chicken Burrito
4521,Monroe CT,CT,41.302237,-73.224109,10.5,burrito:Chicken Burrito
4747,West Hartford - West End,CT,41.7517,-72.7151,10.5,burrito:Chicken Burrito
4797,Naugatuck,CT,41.502117,-73.051666,10.8,burrito:Chicken Burrito
4863,South Windsor,CT,41.81653,-72.55395,10.65,burrito:Chicken Burrito
4901,Colchester CT,CT,41.571822,-72.335933,10.5,burrito:Chicken Burrito
4902,Waterford - Boston Post Road,CT,41.341656,-72.125976,9.8,burrito:Chicken Burrito
5197,Wilton/Norwalk,CT,41.162098,-73.417603,10.35,burrito:Chicken Burrito
5524,Berlin CT,CT,41.630704,-72.759209,10.5,burrito:Chicken Burrito
5638,Killingly,CT,41.841684,-71.882721,9.8,burrito:Chicken Burrito
5865,Darien Noroton,CT,41.069515,-73.498604,11.15,burrito:Chicken Burrito
102,Woodley Park,DC,38.923709,-77.051902,10.95,burrito:Chicken Burrito
1318,Union Station,DC,38.897689,-77.006884,10.35,burrito:Chicken Burrito
1390,Columbia Heights DC,DC,38.929686,-77.032503,10.15,burrito:Chicken Burrito
1484,Glover Park DC,DC,38.920921,-77.072149,9.8,burrito:Chicken Burrito
154,Tenleytown,DC,38.945028,-77.077721,9.8,burrito:Chicken Burrito
1579,CityVista,DC,38.903056,-77.018838,10.65,burrito:Chicken Burrito
1691,Barracks Row,DC,38.883258,-76.995243,10.15,burrito:Chicken Burrito
1969,Rhode Island Row,DC,38.920899,-76.993967,10.8,burrito:Chicken Burrito
1973,GW,DC,38.900173,-77.04574,9.65,burrito:Chicken Burrito
2039,14th Street,DC,38.910014,-77.032171,10.65,burrito:Chicken Burrito
2543,McPherson Square,DC,38.903098,-77.033677,10.15,burrito:Chicken Burrito
2565,Catholic,DC,38.932191,-76.996401,9.8,burrito:Chicken Burrito
2881,Ballpark Square,DC,38.87547,-77.006141,9.95,burrito:Chicken Burrito
3146,Dakota Crossing,DC,38.920086,-76.952888,10.5,burrito:Chicken Burrito
3225,Shops at Park Village,DC,38.84647,-76.980385,10.95,burrito:Chicken Burrito
3823,Penn Branch,DC,38.869485,-76.959413,10.5,burrito:Chicken Burrito
3910,Dupont South,DC,38.907536,-77.042711,9.8,burrito:Chicken Burrito
4079,Chinatown,DC,38.898906,-77.022229,10.35,burrito:Chicken Burrito
4166,1001 Penn Ave NW,DC,38.89516,-77.026491,10.5,burrito:Chicken Burrito
449,Georgetown #2,DC,38.905302,-77.06455,10.15,burrito:Chicken Burrito
4959,NOMA,DC,38.904566,-77.006482,10.5,burrito:Chicken Burrito
1447,Dover DE,DE,39.186768,-75.536549,9.65,burrito:Chicken Burrito
1540,Univ of Delaware,DE,39.683617,-75.747669,9.5,burrito:Chicken Burrito
1833,Rehoboth,DE,38.717848,-75.111212,10.35,burrito:Chicken Burrito
2483,Middletown DE,DE,39.445845,-75.734678,10.15,burrito:Chicken Burrito
2497,Christiana Mall,DE,39.678692,-75.651317,10.35,burrito:Chicken Burrito
2699,Kirkwood Highway,DE,39.732958,-75.639545,10.5,burrito:Chicken Burrito
3154,NEW CASTLE DELAWARE,DE,39.662139,-75.608966,10.5,burrito:Chicken Burrito
3234,Churchmans Road,DE,39.687652,-75.652467,10.15,burrito:Chicken Burrito
3425,Fairfax DE,DE,39.790929,-75.54585,10.35,burrito:Chicken Burrito
3630,S Dover Camden,DE,39.10693,-75.54102,9.65,burrito:Chicken Burrito
4261,Bear DE,DE,39.628947,-75.66606,9.95,burrito:Chicken Burrito
5140,Milford DE,DE,38.933225,-75.430847,9.95,burrito:Chicken Burrito
5285,Claymont,DE,39.803842,-75.456285,10.5,burrito:Chicken Burrito
5387,Bayberry,DE,39.503884,-75.682071,10.35,burrito:Chicken Burrito
1032,Pembroke Pines,FL,26.008504,-80.294944,9.65,burrito:Chicken Burrito
1040,Sarasota,FL,27.318122,-82.5294,9.65,burrito:Chicken Burrito
1041,Tyrone,FL,27.785704,-82.728901,9.8,burrito:Chicken Burrito
1058,South Miami,FL,25.699534,-80.295008,8.75,burrito:Chicken Burrito
1136,Winter Garden,FL,28.520935,-81.586791,9.5,burrito:Chicken Burrito
1143,Clermont,FL,28.54576,-81.730085,9.95,burrito:Chicken Burrito
1177,Markets at Town Center,FL,30.254629,-81.532771,9.35,burrito:Chicken Burrito
1181,Mandarin Riverplace,FL,30.173643,-81.627794,9.65,burrito:Chicken Burrito
1203,Miami Lakes,FL,25.912891,-80.330937,8.95,burrito:Chicken Burrito
1217,Delray Beach,FL,26.439234,-80.078439,9.35,burrito:Chicken Burrito
1258,St. Lucie West,FL,27.310724,-80.40644,9.35,burrito:Chicken Burrito
1259,Willa Springs,FL,28.646918,-81.270118,9.35,burrito:Chicken Burrito
1289,Dr. Phillips Marketplace,FL,28.450619,-81.488967,10.15,burrito:Chicken Burrito
1290,Hialeah 2,FL,25.867037,-80.291961,9.35,burrito:Chicken Burrito
1315,East Hollywood,FL,26.048639,-80.159491,9.65,burrito:Chicken Burrito
1328,Countryside,FL,28.014723,-82.734477,9.5,burrito:Chicken Burrito
1375,University Town Center Sarasota,FL,27.387703,-82.458142,10.15,burrito:Chicken Burrito
1379,Westwinds West Boca,FL,26.365991,-80.202361,8.75,burrito:Chicken Burrito
1404,Miami Gardens,FL,25.941296,-80.306469,9.5,burrito:Chicken Burrito
1410,Turtle Run at Coral Springs,FL,26.283501,-80.202614,9.5,burrito:Chicken Burrito
1494,Gunn Highway Citrus Park,FL,28.066482,-82.570505,9.2,burrito:Chicken Burrito
1499,South Lakeland,FL,28.001635,-81.956539,9.35,burrito:Chicken Burrito
1502,Bal Harbour Square Fort Lauderdale,FL,26.150574,-80.11891,9.35,burrito:Chicken Burrito
1508,Aventura,FL,25.950186,-80.145689,9.5,burrito:Chicken Burrito
1534,Florida State University,FL,30.448801,-84.311136,8.45,burrito:Chicken Burrito
1535,Governors Square Tallahassee,FL,30.43616,-84.258393,8.95,burrito:Chicken Burrito
1564,Stuart Center North,FL,27.177976,-80.236088,9.8,burrito:Chicken Burrito
1565,Palm Beach Gardens,FL,26.838797,-80.108903,9.2,burrito:Chicken Burrito
1577,Naples Mercato,FL,26.254143,-81.800193,10.15,burrito:Chicken Burrito
1626,Brandon-Bloomingdale Avenue,FL,27.893163,-82.272361,9.95,burrito:Chicken Burrito
1689,Garden Shops Boca Raton,FL,26.349524,-80.157448,9.5,burrito:Chicken Burrito
1701,Davie Tower Shops,FL,26.094295,-80.250364,9.65,burrito:Chicken Burrito
1787,East Boca Raton,FL,26.365568,-80.078995,8.75,burrito:Chicken Burrito
1839,Melbourne,FL,28.078431,-80.647537,8.95,burrito:Chicken Burrito
1844,Port Orange Gateway Center,FL,29.111362,-81.02642,9.2,burrito:Chicken Burrito
1859,Vero Beach,FL,27.638345,-80.447965,9.95,burrito:Chicken Burrito
1860,Fort Lauderdale North,FL,26.187778,-80.11561,9.5,burrito:Chicken Burrito
1870,Millenia Mall Orlando,FL,28.485062,-81.431721,10.15,burrito:Chicken Burrito
1871,The Gardens Mall,FL,26.849017,-80.08515,9.5,burrito:Chicken Burrito
1883,Apopka - Wekiva,FL,28.673578,-81.469972,9.8,burrito:Chicken Burrito
1912,Fort Lauderdale South,FL,26.100851,-80.126664,9.65,burrito:Chicken Burrito
1914,Lantana & Jog,FL,26.587637,-80.147145,9.95,burrito:Chicken Burrito
1918,Coral Gables,FL,25.749328,-80.254359,9.15,burrito:Chicken Burrito
1971,Ocala 2,FL,29.167095,-82.16836,9.65,burrito:Chicken Burrito
1992,River City Pointe Place,FL,30.481461,-81.637563,9.5,burrito:Chicken Burrito
2014,Pinecrest,FL,25.657071,-80.327515,9.15,burrito:Chicken Burrito
2052,Viera,FL,28.239152,-80.728458,9.2,burrito:Chicken Burrito
2056,Carriage Gate Tallahassee,FL,30.504443,-84.249691,8.75,burrito:Chicken Burrito
2058,Brandon Mall Food Court,FL,27.932241,-82.324896,9.95,burrito:Chicken Burrito
2085,Point Royale Cutler Bay,FL,25.58961,-80.35868,9.8,burrito:Chicken Burrito
2105,Jupiter,FL,26.934223,-80.130662,9.65,burrito:Chicken Burrito
2111,Cypress Creek,FL,26.204836,-80.147477,9.15,burrito:Chicken Burrito
2120,Mount Dora,FL,28.824581,-81.640709,9.15,burrito:Chicken Burrito
2147,Coral Landing Palm Harbor,FL,28.073064,-82.738312,9.65,burrito:Chicken Burrito
2170,International Plaza Food Court,FL,27.96499,-82.521147,9.8,burrito:Chicken Burrito
2198,Brandon Town Center,FL,27.938726,-82.323634,9.35,burrito:Chicken Burrito
2200,St. Cloud FL,FL,28.2526,-81.316273,9.95,burrito:Chicken Burrito
2219,Gulf Coast Fort Myers,FL,26.491847,-81.786788,8.6,burrito:Chicken Burrito
2265,Destin Commons,FL,30.390646,-86.424125,10.15,burrito:Chicken Burrito
2266,Deerfield Beach,FL,26.307095,-80.093134,9.5,burrito:Chicken Burrito
2276,Sanford,FL,28.800126,-81.333621,9.95,burrito:Chicken Burrito
2277,St. Augustine,FL,29.869556,-81.323824,8.95,burrito:Chicken Burrito
2280,Pier Park,FL,30.218221,-85.873395,10.15,burrito:Chicken Burrito
2285,College & 41 Fort Myers,FL,26.558735,-81.871156,9.8,burrito:Chicken Burrito
2306,Fountain Square,FL,25.769252,-80.359821,8.6,burrito:Chicken Burrito
2352,Jensen Beach,FL,27.234775,-80.26764,9.95,burrito:Chicken Burrito
2353,Southchase,FL,28.381376,-81.404894,9.2,burrito:Chicken Burrito
2362,Casselberry,FL,28.659711,-81.340747,9.2,burrito:Chicken Burrito
2391,Dale Mabry & Gandy,FL,27.89347,-82.505875,9.8,burrito:Chicken Burrito
2416,Pompano,FL,26.260632,-80.09892,9.95,burrito:Chicken Burrito
2417,Miramar,FL,25.980247,-80.356945,9.35,burrito:Chicken Burrito
2445,Dania Beach,FL,26.033066,-80.142053,9.65,burrito:Chicken Burrito
2448,North Lakeland,FL,28.095807,-81.974674,9.8,burrito:Chicken Burrito
2465,New Tampa Highwoods Preserve,FL,28.131275,-82.365765,9.35,burrito:Chicken Burrito
2487,Lauderhill,FL,26.191573,-80.252616,9.65,burrito:Chicken Burrito
2488,Sawgrass Mills Food Court,FL,26.149969,-80.324577,9.8,burrito:Chicken Burrito
2489,Doral 87th Avenue,FL,25.793463,-80.337645,9.35,burrito:Chicken Burrito
2515,Ormond Beach,FL,29.263973,-81.105463,9.65,burrito:Chicken Burrito
2546,Celebration,FL,28.332154,-81.5328,9.95,burrito:Chicken Burrito
2547,Beach and Hodges,FL,30.287145,-81.460377,9.2,burrito:Chicken Burrito
2548,Dale Mabry & Walnut,FL,27.960183,-82.505162,9.8,burrito:Chicken Burrito
2580,Winter Haven,FL,28.003614,-81.717516,9.8,burrito:Chicken Burrito
2606,Homestead,FL,25.479033,-80.441929,9.35,burrito:Chicken Burrito
2644,Bartram Park,FL,30.141352,-81.546654,9.95,burrito:Chicken Burrito
2645,Port Richey,FL,28.290794,-82.711856,9.8,burrito:Chicken Burrito
2661,Greenacres,FL,26.648232,-80.146114,9.8,burrito:Chicken Burrito
2671,Davie South,FL,26.046949,-80.251057,9.35,burrito:Chicken Burrito
2697,North Port,FL,27.037397,-82.216243,9.8,burrito:Chicken Burrito
2698,Colonial & 75 Fort Myers,FL,26.608354,-81.810544,9.95,burrito:Chicken Burrito
2707,Coral Way - Westchester,FL,25.749193,-80.336108,9.15,burrito:Chicken Burrito
2714,Jacksonville Beach,FL,30.271266,-81.388854,9.8,burrito:Chicken Burrito
2722,Naples Plaza,FL,26.172115,-81.800797,10.15,burrito:Chicken Burrito
2734,North St Pete,FL,27.804778,-82.638811,9.5,burrito:Chicken Burrito
2735,North Gainesville,FL,29.673671,-82.338755,8.75,burrito:Chicken Burrito
2736,Oviedo,FL,28.656311,-81.203357,9.15,burrito:Chicken Burrito
2745,Orlando Airport Term 2 FC,FL,28.435619,-81.301496,9.8,burrito:Chicken Burrito
2801,East Largo,FL,27.916774,-82.731462,9.5,burrito:Chicken Burrito
2809,Shoppes at Coconut Point,FL,26.403693,-81.811402,10.15,burrito:Chicken Burrito
2860,South Naples,FL,26.065696,-81.69842,10.15,burrito:Chicken Burrito
2861,North Boca Raton,FL,26.400771,-80.12049,9.2,burrito:Chicken Burrito
2870,Lake Nona,FL,28.386963,-81.244816,9.2,burrito:Chicken Burrito
2897,Millenia Boulevard,FL,28.49295,-81.428624,9.95,burrito:Chicken Burrito
2910,Cape Coral Del Prado,FL,26.610907,-81.940712,9.95,burrito:Chicken Burrito
2916,Sunrise and University,FL,26.147349,-80.256339,9.8,burrito:Chicken Burrito
2946,Sarasota Towne Center,FL,27.337573,-82.463371,9.95,burrito:Chicken Burrito
2989,Seminole City Center,FL,27.841562,-82.79449,9.65,burrito:Chicken Burrito
2992,West Delray Beach,FL,26.457981,-80.118699,9.65,burrito:Chicken Burrito
2994,Spring Hill,FL,28.534012,-82.50673,9.95,burrito:Chicken Burrito
2996,North Coral Springs,FL,26.287408,-80.250916,9.2,burrito:Chicken Burrito
3033,Hialeah Gardens,FL,25.894804,-80.350866,9.35,burrito:Chicken Burrito
3034,Airport West,FL,25.808885,-80.315344,9.2,burrito:Chicken Burrito
3059,West Boynton Beach,FL,26.526247,-80.185791,9.35,burrito:Chicken Burrito
3060,Cape Coral Marketplace,FL,26.673058,-81.928224,9.65,burrito:Chicken Burrito
3081,Panama City,FL,30.189106,-85.653816,10.15,burrito:Chicken Burrito
3082,Largo Ulmerton Road,FL,27.894106,-82.780083,9.5,burrito:Chicken Burrito
3087,Lejeune Road Miami,FL,25.773037,-80.264107,9.5,burrito:Chicken Burrito
3101,Windermere,FL,28.493258,-81.509186,9.8,burrito:Chicken Burrito
3102,Westchase,FL,28.043503,-82.590416,9.5,burrito:Chicken Burrito
3109,Palm Coast,FL,29.476264,-81.196113,9.15,burrito:Chicken Burrito
3110,Trinity,FL,28.205174,-82.66659,9.8,burrito:Chicken Burrito
3152,Regency Jacksonville,FL,30.319345,-81.55503,9.2,burrito:Chicken Burrito
3157,Azalea Park,FL,28.514189,-81.311058,9.35,burrito:Chicken Burrito
3158,Riverbend Fort Lauderdale,FL,26.091092,-80.180294,9.35,burrito:Chicken Burrito
3169,Coral Reef 2,FL,25.626448,-80.394877,9.35,burrito:Chicken Burrito
3189,Donald Ross Road,FL,26.882528,-80.115425,9.5,burrito:Chicken Burrito
3190,Deland,FL,28.986665,-81.299716,9.2,burrito:Chicken Burrito
3203,Osceola Parkway Kissimmee,FL,28.346074,-81.486706,9.95,burrito:Chicken Burrito
3232,Kendall Mall,FL,25.686898,-80.36474,9.5,burrito:Chicken Burrito
3241,LPGA Daytona,FL,29.21884,-81.097244,9.8,burrito:Chicken Burrito
3269,Aventura Mall Food Court,FL,25.957414,-80.146767,9.65,burrito:Chicken Burrito
3270,Lakewood Ranch,FL,27.4323,-82.424,9.65,burrito:Chicken Burrito
3286,Vineland Pointe,FL,28.393644,-81.485626,9.65,burrito:Chicken Burrito
3308,Wesley Chapel,FL,28.19322,-82.395242,9.35,burrito:Chicken Burrito
3320,Riverside Ave Jacksonville,FL,30.324183,-81.670311,9.65,burrito:Chicken Burrito
3341,Temple Terrace,FL,28.054882,-82.3993,8.75,burrito:Chicken Burrito
3342,Dillard & 50,FL,28.55143,-81.585396,9.35,burrito:Chicken Burrito
3383,Beacon Lakes,FL,25.789777,-80.38703,8.75,burrito:Chicken Burrito
3393,Oakleaf,FL,30.196359,-81.829889,10.15,burrito:Chicken Burrito
3462,Blue Lagoon,FL,25.781982,-80.286966,8.95,burrito:Chicken Burrito
3466,Davenport,FL,28.224933,-81.645096,10.15,burrito:Chicken Burrito
3471,West Kissimmee,FL,28.34644,-81.611278,9.65,burrito:Chicken Burrito
3497,East Boynton Beach,FL,26.513494,-80.056953,9.8,burrito:Chicken Burrito
3510,Brickell,FL,25.766521,-80.207835,9.8,burrito:Chicken Burrito
3511,Stadium Centre at FSU,FL,30.435213,-84.294207,9.15,burrito:Chicken Burrito
3523,Okeechobee and Skees,FL,26.706506,-80.158953,9.15,burrito:Chicken Burrito
3538,North Miami Beach,FL,25.928778,-80.183109,9.35,burrito:Chicken Burrito
3575,Titusville,FL,28.584646,-80.802193,8.95,burrito:Chicken Burrito
360,Winter Park,FL,28.593625,-81.365317,9.2,burrito:Chicken Burrito
3604,Cagan Crossings,FL,28.355704,-81.676349,10.15,burrito:Chicken Burrito
3608,Yulee,FL,30.625168,-81.542989,9.65,burrito:Chicken Burrito
3610,9 Mile,FL,30.533027,-87.227573,9.5,burrito:Chicken Burrito
3631,West Bird Road,FL,25.729034,-80.42804,9.35,burrito:Chicken Burrito
3632,Northlake Blvd FL,FL,26.80864,-80.090616,10.15,burrito:Chicken Burrito
3654,Roosevelt Square,FL,30.278023,-81.719544,9.35,burrito:Chicken Burrito
3668,Pensacola-Cordova Mall,FL,30.474259,-87.209737,8.95,burrito:Chicken Burrito
3685,Palm Beach Gardens East,FL,26.846418,-80.059898,9.8,burrito:Chicken Burrito
3686,Tradition Port St Lucie,FL,27.268017,-80.432634,9.65,burrito:Chicken Burrito
3687,Zephyrhills,FL,28.269062,-82.187591,9.2,burrito:Chicken Burrito
3707,Leesburg FL 2,FL,28.821624,-81.783433,9.95,burrito:Chicken Burrito
3721,Miami Gardens & NW 27th Avenue,FL,25.940701,-80.244756,9.65,burrito:Chicken Burrito
3749,Landmark North Doral,FL,25.827346,-80.368546,9.15,burrito:Chicken Burrito
3757,Lake City,FL,30.180902,-82.681702,9.2,burrito:Chicken Burrito
3759,Buena Ventura Lakes,FL,28.364094,-81.365211,9.65,burrito:Chicken Burrito
3788,West Melbourne,FL,28.036206,-80.667366,9.65,burrito:Chicken Burrito
3799,Odessa FL,FL,28.188057,-82.551875,9.65,burrito:Chicken Burrito
3855,Lake Worth and Polo Road,FL,26.61651,-80.18447,9.65,burrito:Chicken Burrito
3858,Ft. Walton,FL,30.426197,-86.640595,9.8,burrito:Chicken Burrito
3868,Fleming Island,FL,30.101669,-81.715524,9.35,burrito:Chicken Burrito
3875,Ellenton,FL,27.532086,-82.501768,9.5,burrito:Chicken Burrito
3908,Poinciana,FL,28.156896,-81.440713,9.15,burrito:Chicken Burrito
3914,New Smyrna Beach,FL,29.014406,-80.941199,9.15,burrito:Chicken Burrito
3921,Casselberry South,FL,28.629809,-81.318099,9.2,burrito:Chicken Burrito
3934,Valrico,FL,27.938434,-82.257814,9.65,burrito:Chicken Burrito
3963,Midtown Miami,FL,25.80706,-80.194655,9.35,burrito:Chicken Burrito
3966,Reunion FL,FL,28.259117,-81.597977,9.8,burrito:Chicken Burrito
3969,Union Park Orlando,FL,28.568565,-81.216403,9.15,burrito:Chicken Burrito
4005,South Lake Worth,FL,26.571444,-80.112039,9.8,burrito:Chicken Burrito
4031,University&Phillips Highway,FL,30.262889,-81.62294,9.15,burrito:Chicken Burrito
4037,Port Charlotte,FL,27.006174,-82.133263,9.8,burrito:Chicken Burrito
4067,Lady Lake,FL,28.931606,-81.932597,9.2,burrito:Chicken Burrito
4089,Dale Mabry & Waters,FL,28.023987,-82.504363,9.8,burrito:Chicken Burrito
4106,Winter Springs,FL,28.697198,-81.263692,9.8,burrito:Chicken Burrito
4112,South Boynton Beach,FL,26.5061,-80.1228,9.65,burrito:Chicken Burrito
4131,East Miramar,FL,25.979075,-80.314588,9.5,burrito:Chicken Burrito
4133,Brandon Causeway,FL,27.923045,-82.326399,9.5,burrito:Chicken Burrito
4149,Palm City,FL,27.17164,-80.29642,9.95,burrito:Chicken Burrito
4151,North Deland,FL,29.055,-81.303,9.5,burrito:Chicken Burrito
4152,East Sanford,FL,28.761273,-81.284415,9.5,burrito:Chicken Burrito
4184,Atlantic Blvd. & Kernan,FL,30.3215,-81.4966,9.95,burrito:Chicken Burrito
4204,Gulf Breeze,FL,30.358084,-87.165792,9.65,burrito:Chicken Burrito
4222,Margate,FL,26.235515,-80.203871,9.35,burrito:Chicken Burrito
4225,Vine&Bass Kissimmee,FL,28.303186,-81.455795,9.95,burrito:Chicken Burrito
4245,Longwood,FL,28.686288,-81.414169,9.65,burrito:Chicken Burrito
4246,Minneola FL,FL,28.591265,-81.722555,9.95,burrito:Chicken Burrito
4313,Silver Springs FL,FL,29.209146,-82.067245,9.95,burrito:Chicken Burrito
4328,South Orange Park,FL,30.142174,-81.767095,9.5,burrito:Chicken Burrito
4332,Beach and University,FL,30.293697,-81.604056,9.5,burrito:Chicken Burrito
4351,MiMo,FL,25.825429,-80.18701,9.35,burrito:Chicken Burrito
4352,East Pembroke Pines,FL,26.009558,-80.257388,9.95,burrito:Chicken Burrito
4368,Riverview Big Bend,FL,27.791293,-82.337833,9.8,burrito:Chicken Burrito
4385,Fort Pierce,FL,27.418328,-80.380507,9.95,burrito:Chicken Burrito
442,East Colonial,FL,28.55358,-81.346916,9.35,burrito:Chicken Burrito
4423,Inverness FL,FL,28.835554,-82.341252,9.2,burrito:Chicken Burrito
4437,West Hillsboro Boulevard,FL,26.318392,-80.148341,9.95,burrito:Chicken Burrito
4448,Winter Park East,FL,28.597627,-81.306632,9.8,burrito:Chicken Burrito
4456,Lake Cay,FL,28.426477,-81.44455,9.8,burrito:Chicken Burrito
4517,North Wesley Chapel,FL,28.23927,-82.33807,9.5,burrito:Chicken Burrito
4528,Baymeadows,FL,30.220468,-81.5678,9.5,burrito:Chicken Burrito
4555,Royal Palm Beach,FL,26.682198,-80.240934,9.5,burrito:Chicken Burrito
457,U of Central Florida,FL,28.597189,-81.216485,8.75,burrito:Chicken Burrito
4591,Vista Palms,FL,28.461004,-81.271599,10.35,burrito:Chicken Burrito
4627,Flamingo Crossings,FL,28.375077,-81.615957,9.35,burrito:Chicken Burrito
4653,Melbourne North,FL,28.189863,-80.671335,9.8,burrito:Chicken Burrito
4657,Haines City,FL,28.11834,-81.64031,9.5,burrito:Chicken Burrito
4661,Merritt Island,FL,28.356587,-80.691353,9.35,burrito:Chicken Burrito
4669,New Port Richey,FL,28.27425,-82.67378,9.95,burrito:Chicken Burrito
4697,West Apopka,FL,28.68563,-81.532751,9.65,burrito:Chicken Burrito
4699,Old Cutler,FL,25.571186,-80.345688,9.8,burrito:Chicken Burrito
4721,Partin Settlement,FL,28.281128,-81.347214,10.15,burrito:Chicken Burrito
4726,West Sanford,FL,28.810686,-81.348467,9.8,burrito:Chicken Burrito
4727,Sebring,FL,27.495454,-81.486207,9.2,burrito:Chicken Burrito
4774,Crestview Commons,FL,30.732689,-86.567567,9.8,burrito:Chicken Burrito
4775,Waters Ave and Veterans Expressway,FL,28.026164,-82.550401,9.65,burrito:Chicken Burrito
4776,North Davenport,FL,28.30759,-81.66655,10.15,burrito:Chicken Burrito
4810,St. Cloud East,FL,28.245342,-81.25837,9.8,burrito:Chicken Burrito
4847,Longwood East,FL,28.69742,-81.35953,9.35,burrito:Chicken Burrito
4857,Normandy & I295,FL,30.29333,-81.78008,9.35,burrito:Chicken Burrito
486,U of Florida,FL,29.652263,-82.341518,8.75,burrito:Chicken Burrito
4871,Coconut Grove S. Dixie,FL,25.740717,-80.239011,9.5,burrito:Chicken Burrito
4879,Kirkman & I-Drive,FL,28.464564,-81.456301,10.15,burrito:Chicken Burrito
4920,Ocala West,FL,29.075726,-82.260055,9.65,burrito:Chicken Burrito
4922,South Spring Hill,FL,28.434287,-82.546858,9.65,burrito:Chicken Burrito
4955,North Lake Worth,FL,26.62865,-80.08226,9.8,burrito:Chicken Burrito
4960,Venice FL,FL,27.049911,-82.396879,9.95,burrito:Chicken Burrito
4989,South St. Pete,FL,27.73282,-82.67981,9.8,burrito:Chicken Burrito
4996,North Naples,FL,26.274327,-81.690635,10.15,burrito:Chicken Burrito
4997,Wildwood FL,FL,28.842306,-82.029912,9.15,burrito:Chicken Burrito
5024,Pompano Southwest,FL,26.230538,-80.152541,9.35,burrito:Chicken Burrito
5025,Clermont East,FL,28.547366,-81.666312,10.15,burrito:Chicken Burrito
5083,Heritage and 64,FL,27.48755,-82.461,9.65,burrito:Chicken Burrito
5087,North Largo,FL,27.926089,-82.787286,9.5,burrito:Chicken Burrito
5118,Altamonte Springs East,FL,28.662602,-81.364548,9.5,burrito:Chicken Burrito
5130,North Ocoee,FL,28.599216,-81.538485,9.65,burrito:Chicken Burrito
5145,Tavares,FL,28.821345,-81.703686,9.5,burrito:Chicken Burrito
5154,Bartow,FL,27.904451,-81.840193,9.35,burrito:Chicken Burrito
5172,West Bradenton,FL,27.462938,-82.611991,9.35,burrito:Chicken Burrito
5173,Navarre,FL,30.402209,-86.875102,10.35,burrito:Chicken Burrito
5217,Beachwalk,FL,30.079117,-81.481692,9.95,burrito:Chicken Burrito
5242,Lecanto,FL,28.889321,-82.48591,9.5,burrito:Chicken Burrito
5243,Dale Mabry and Van Dyke,FL,28.130174,-82.501692,9.65,burrito:Chicken Burrito
5253,Belleview FL,FL,29.071995,-82.07202,9.65,burrito:Chicken Burrito
5254,Lehigh Acres,FL,26.616799,-81.670156,9.95,burrito:Chicken Burrito
5304,Beacon Hills,FL,28.2347,-82.72806,9.95,burrito:Chicken Burrito
5337,East Melbourne,FL,28.138115,-80.585693,9.8,burrito:Chicken Burrito
5338,Palm Bay,FL,27.99922,-80.64826,9.65,burrito:Chicken Burrito
5352,Deltona,FL,28.949521,-81.249972,9.35,burrito:Chicken Burrito
5367,Pace 2,FL,30.603308,-87.129753,9.65,burrito:Chicken Burrito
5377,Westlake FL,FL,26.683191,-80.30873,9.5,burrito:Chicken Burrito
5391,Holmes Beach,FL,27.496341,-82.622043,9.8,burrito:Chicken Burrito
5406,South Davenport,FL,28.182347,-81.639064,10.15,burrito:Chicken Burrito
5416,Wynwood Miami,FL,25.80062,-80.19896,9.35,burrito:Chicken Burrito
5417,Bellview Michigan Ave,FL,30.461494,-87.29804,9.2,burrito:Chicken Burrito
5418,Wesley Chapel East,FL,28.21842,-82.25187,9.5,burrito:Chicken Burrito
5474,Boggy Creek,FL,28.35546,-81.31042,9.95,burrito:Chicken Burrito
5497,Dunedin,FL,28.019874,-82.759516,9.65,burrito:Chicken Burrito
5498,Tampa Stadium,FL,27.980943,-82.488028,9.95,burrito:Chicken Burrito
5500,South Bradenton 33rd St.,FL,27.447,-82.52233,10.15,burrito:Chicken Burrito
5519,Clermont South,FL,28.52573,-81.73055,10.15,burrito:Chicken Burrito
5538,Gibsonton Dr.,FL,27.856483,-82.331694,9.95,burrito:Chicken Burrito
5541,Lake Wales,FL,27.94767,-81.61756,9.95,burrito:Chicken Burrito
5556,West Windermere,FL,28.5024,-81.5766,9.95,burrito:Chicken Burrito
5571,Middleburg,FL,30.10929,-81.82258,9.5,burrito:Chicken Burrito
5587,Punta Gorda,FL,26.89565,-82.01696,9.8,burrito:Chicken Burrito
5611,Starkey Ranch,FL,28.188981,-82.611167,9.65,burrito:Chicken Burrito
5665,Tampa Water St.,FL,27.94477,-82.44961,9.8,burrito:Chicken Burrito
5684,Pensacola Ransley Station,FL,30.525328,-87.315163,9.35,burrito:Chicken Burrito
570,Metrowest,FL,28.512078,-81.459718,9.5,burrito:Chicken Burrito
5715,Sun City Center,FL,27.71286,-82.33453,9.95,burrito:Chicken Burrito
5716,South St. Augustine,FL,29.813282,-81.323322,9.15,burrito:Chicken Burrito
5725,Neptune Beach,FL,30.322974,-81.40448,9.95,burrito:Chicken Burrito
5742,Pinellas Park,FL,27.83888,-82.73722,10.15,burrito:Chicken Burrito
5752,Space Coast Town Center,FL,28.07816,-80.7101,9.35,burrito:Chicken Burrito
5771,Plant City,FL,27.988455,-82.123005,9.8,burrito:Chicken Burrito
5775,Oldsmar Tampa Rd,FL,28.051601,-82.69872,9.8,burrito:Chicken Burrito
5794,East Fort Pierce,FL,27.4276,-80.32636,9.5,burrito:Chicken Burrito
5805,Belle Terre Pkwy,FL,29.550824,-81.236289,9.2,burrito:Chicken Burrito
5860,Canoe Creek,FL,28.22474,-81.29118,9.95,burrito:Chicken Burrito
5870,Indian Rocks Beach,FL,27.880861,-82.828018,9.65,burrito:Chicken Burrito
5873,Hudson SR 52,FL,28.33077,-82.66941,9.35,burrito:Chicken Burrito
5898,Feather Sound Clearwater,FL,27.89444,-82.67897,9.65,burrito:Chicken Burrito
5985,Durbin Park,FL,30.09822,-81.52203,10.15,burrito:Chicken Burrito
604,Altamonte,FL,28.661332,-81.396677,9.95,burrito:Chicken Burrito
610,Lake Mary #2,FL,28.755741,-81.35074,9.35,burrito:Chicken Burrito
611,Westshore,FL,27.947477,-82.52393,9.65,burrito:Chicken Burrito
647,South Orange,FL,28.516773,-81.376134,9.35,burrito:Chicken Burrito
675,Florida Mall,FL,28.44943,-81.401886,9.8,burrito:Chicken Burrito
678,Coral Springs,FL,26.252864,-80.252319,9.5,burrito:Chicken Burrito
713,Parkside Mall,FL,27.838767,-82.684634,9.95,burrito:Chicken Burrito
721,Central Boca Raton,FL,26.368752,-80.128054,8.75,burrito:Chicken Burrito
727,Kissimmee,FL,28.345635,-81.420783,9.8,burrito:Chicken Burrito
731,4th Street,FL,27.780159,-82.638729,9.8,burrito:Chicken Burrito
762,Clearwater Mall,FL,27.961126,-82.727515,9.2,burrito:Chicken Burrito
783,Daytona Beach,FL,29.180812,-81.080596,8.6,burrito:Chicken Burrito
789,Ocoee,FL,28.552487,-81.526959,9.5,burrito:Chicken Burrito
793,Archer Road,FL,29.619404,-82.381281,8.75,burrito:Chicken Burrito
802,Boynton Beach,FL,26.542687,-80.090222,9.65,burrito:Chicken Burrito
813,Carrollwood,FL,28.063578,-82.503442,9.5,burrito:Chicken Burrito
821,Waterford Lakes,FL,28.553564,-81.206557,9.15,burrito:Chicken Burrito
823,South Tampa,FL,27.9397,-82.483393,9.65,burrito:Chicken Burrito
828,USF Fowler 2,FL,28.054873,-82.429836,8.6,burrito:Chicken Burrito
838,Weston,FL,26.067606,-80.36306,9.5,burrito:Chicken Burrito
844,Orlando Airport,FL,28.46762,-81.30863,9.35,burrito:Chicken Burrito
881,West Palm Beach,FL,26.708223,-80.098579,9.5,burrito:Chicken Burrito
914,West Kendall,FL,25.684578,-80.415201,9.15,burrito:Chicken Burrito
924,Sawgrass Ikea,FL,26.121556,-80.330717,9.2,burrito:Chicken Burrito
952,North Miami FL,FL,25.912522,-80.157698,9.15,burrito:Chicken Burrito
975,Bradenton,FL,27.463178,-82.578336,9.95,burrito:Chicken Burrito
985,West Pembroke Pines,FL,26.006839,-80.356265,9.15,burrito:Chicken Burrito
990,Wellington,FL,26.663799,-80.202121,9.5,burrito:Chicken Burrito
995,Orange Park,FL,30.19383,-81.738462,8.75,burrito:Chicken Burrito
1464,Marietta East Cobb,GA,33.980164,-84.424608,9.65,burrito:Chicken Burrito
1598,Athens Alps,GA,33.947371,-83.408834,8.95,burrito:Chicken Burrito
1652,Norcross,GA,33.980139,-84.21714,9.65,burrito:Chicken Burrito
1717,Lavista Northlake,GA,33.845894,-84.256033,9.35,burrito:Chicken Burrito
1760,Emory Village,GA,33.788626,-84.326656,8.75,burrito:Chicken Burrito
1866,Howell Mill Rd,GA,33.810169,-84.41306,9.2,burrito:Chicken Burrito
1906,Alpharetta North Point,GA,34.051774,-84.286286,9.35,burrito:Chicken Burrito
1972,Ernest Barrett Parkway,GA,34.003846,-84.579238,8.95,burrito:Chicken Burrito
2041,Savannah Victory Station,GA,32.043869,-81.072026,9.15,burrito:Chicken Burrito
2100,Perimeter Mall Food Court,GA,33.923804,-84.341154,9.15,burrito:Chicken Burrito
2106,South Buckhead,GA,33.80134,-84.392548,9.35,burrito:Chicken Burrito
2108,Columbus Park Crossing,GA,32.541783,-84.950318,8.6,burrito:Chicken Burrito
2125,Downtown Decatur,GA,33.7753,-84.298718,8.75,burrito:Chicken Burrito
2199,Canton Marketplace,GA,34.236698,-84.456328,9.2,burrito:Chicken Burrito
2215,Lenox Mall Food Court,GA,33.846674,-84.361939,9.5,burrito:Chicken Burrito
2229,Savannah Abercorn,GA,32.0053,-81.11393,9.2,burrito:Chicken Burrito
2246,Morrow Mt. Zion,GA,33.562708,-84.324649,10.15,burrito:Chicken Burrito
2262,Cumming Market Place Highway 20,GA,34.181199,-84.133121,10.15,burrito:Chicken Burrito
2278,Snellville President Commons,GA,33.882419,-84.010511,9.95,burrito:Chicken Burrito
2389,Pooler GA,GA,32.140266,-81.243508,10.15,burrito:Chicken Burrito
2459,Macon,GA,32.900818,-83.688555,9.35,burrito:Chicken Burrito
2471,Chastain Park,GA,33.881,-84.380146,9.65,burrito:Chicken Burrito
2493,Warner Robins,GA,32.618576,-83.690349,9.5,burrito:Chicken Burrito
2514,McDonough,GA,33.422916,-84.187152,9.35,burrito:Chicken Burrito
2607,Gainesville GA,GA,34.303285,-83.858625,9.35,burrito:Chicken Burrito
2706,Kennesaw State,GA,34.035452,-84.573604,8.95,burrito:Chicken Burrito
2713,Chamblee,GA,33.884534,-84.31582,9.2,burrito:Chicken Burrito
2775,Tucker,GA,33.851625,-84.210044,9.5,burrito:Chicken Burrito
2806,Conyers,GA,33.65119,-84.00914,9.95,burrito:Chicken Burrito
2841,Camp Creek,GA,33.657308,-84.499326,10.15,burrito:Chicken Burrito
2873,Columbus South,GA,32.480404,-84.943902,9.35,burrito:Chicken Burrito
2914,Duluth Sugarloaf Parkway,GA,34.021459,-84.120335,9.2,burrito:Chicken Burrito
2915,Albany,GA,31.617023,-84.221769,9.15,burrito:Chicken Burrito
2995,Suwanee,GA,34.034396,-84.052234,9.35,burrito:Chicken Burrito
3025,Augusta Exchange,GA,33.491208,-82.080402,9.8,burrito:Chicken Burrito
3145,West Midtown Atlanta,GA,33.791034,-84.407041,8.45,burrito:Chicken Burrito
3210,Jimmy Carter Blvd,GA,33.908363,-84.205757,9.15,burrito:Chicken Burrito
3284,1010 Midtown,GA,33.783862,-84.383951,9.35,burrito:Chicken Burrito
3285,Newnan,GA,33.39831,-84.739745,9.35,burrito:Chicken Burrito
3289,Sugarloaf Crossing,GA,33.958736,-84.055084,9.15,burrito:Chicken Burrito
3378,Sandy Plains 2,GA,34.037266,-84.461123,9.35,burrito:Chicken Burrito
3384,Peachtree City,GA,33.396355,-84.591743,8.75,burrito:Chicken Burrito
3385,FAYETTEVILLE,GA,33.472488,-84.443367,9.2,burrito:Chicken Burrito
3445,Dawsonville,GA,34.348681,-84.050008,9.8,burrito:Chicken Burrito
3460,Hinesville,GA,31.822484,-81.598801,9.35,burrito:Chicken Burrito
3469,Loganville,GA,33.846189,-83.908273,9.8,burrito:Chicken Burrito
3501,Austell,GA,33.856229,-84.601193,9.15,burrito:Chicken Burrito
3521,Douglasville,GA,33.727961,-84.737702,9.35,burrito:Chicken Burrito
3540,Woodstock,GA,34.085367,-84.531122,9.35,burrito:Chicken Burrito
3580,Rome,GA,34.256732,-85.164946,9.65,burrito:Chicken Burrito
3590,Buford,GA,34.05428,-83.993618,9.5,burrito:Chicken Burrito
3595,Vinings,GA,33.865267,-84.469901,9.35,burrito:Chicken Burrito
3635,Carrollton,GA,33.565767,-85.076599,9.35,burrito:Chicken Burrito
3665,Acworth,GA,34.03591,-84.684746,9.35,burrito:Chicken Burrito
3677,Hiram,GA,33.89056,-84.753678,9.5,burrito:Chicken Burrito
373,Ponce de Leon,GA,33.773906,-84.363588,8.95,burrito:Chicken Burrito
374,Roswell,GA,34.0436,-84.341502,9.5,burrito:Chicken Burrito
3784,Wesley Chapel Road,GA,33.715336,-84.214988,9.8,burrito:Chicken Burrito
379,Gwinnett,GA,33.955267,-84.131162,9.35,burrito:Chicken Burrito
3797,South Forsyth,GA,34.15106,-84.17536,9.5,burrito:Chicken Burrito
3825,Eagles Landing,GA,33.504292,-84.238686,9.95,burrito:Chicken Burrito
3870,Gainesville East,GA,34.316284,-83.793518,9.5,burrito:Chicken Burrito
3874,Valdosta GA,GA,30.840725,-83.322314,9.8,burrito:Chicken Burrito
3895,Cartersville,GA,34.166423,-84.787322,9.5,burrito:Chicken Burrito
391,Buckhead North,GA,33.848164,-84.374189,9.15,burrito:Chicken Burrito
3913,Covington GA,GA,33.603346,-83.858775,9.8,burrito:Chicken Burrito
3981,Statesboro,GA,32.41251,-81.768892,9.5,burrito:Chicken Burrito
3996,Rivermont Station,GA,33.988426,-84.271751,9.8,burrito:Chicken Burrito
4034,Riverdale Atlanta,GA,33.56158,-84.41311,9.65,burrito:Chicken Burrito
4061,Griffin,GA,33.272316,-84.290189,9.65,burrito:Chicken Burrito
4080,Thornton Road,GA,33.788468,-84.619337,9.8,burrito:Chicken Burrito
4081,Brunswick 2,GA,31.232227,-81.500023,9.65,burrito:Chicken Burrito
4092,Dalton,GA,34.7612,-84.9988,9.5,burrito:Chicken Burrito
4103,Marietta BC,GA,33.95205,-84.521123,9.5,burrito:Chicken Burrito
4135,Fairburn,GA,33.562096,-84.583331,9.35,burrito:Chicken Burrito
4192,South Cobb Drive,GA,33.829876,-84.491645,9.35,burrito:Chicken Burrito
4194,Dunwoody Village,GA,33.94685,-84.334045,9.2,burrito:Chicken Burrito
4207,Towne Lake,GA,34.109071,-84.552788,9.5,burrito:Chicken Burrito
4217,Oconee Connector,GA,33.917357,-83.45437,9.2,burrito:Chicken Burrito
4233,Commerce,GA,34.24966,-83.46104,9.65,burrito:Chicken Burrito
4238,Milledgeville,GA,33.108596,-83.253691,9.2,burrito:Chicken Burrito
4251,North Valdosta,GA,30.883755,-83.287562,9.95,burrito:Chicken Burrito
4253,Windy Hill,GA,33.901473,-84.477394,9.2,burrito:Chicken Burrito
428,Windward,GA,34.09084,-84.27492,9.5,burrito:Chicken Burrito
4314,Lagrange,GA,33.042839,-84.979688,8.75,burrito:Chicken Burrito
4315,Calhoun GA,GA,34.474058,-84.925,9.2,burrito:Chicken Burrito
4343,Savannah Quarters,GA,32.079529,-81.284775,9.65,burrito:Chicken Burrito
4365,Roswell Road North,GA,33.995691,-84.350461,9.5,burrito:Chicken Burrito
4435,Lilburn,GA,33.895346,-84.142392,9.5,burrito:Chicken Burrito
4492,Sandtown,GA,33.69917,-84.578242,10.15,burrito:Chicken Burrito
4499,Grayson,GA,33.900014,-83.961003,9.5,burrito:Chicken Burrito
4514,Old Milton Parkway,GA,34.061468,-84.246385,9.2,burrito:Chicken Burrito
4543,Atlanta Lindbergh,GA,33.82559,-84.36444,9.35,burrito:Chicken Burrito
459,John Creek,GA,34.067433,-84.169294,9.65,burrito:Chicken Burrito
4621,Winder Barrow,GA,33.94332,-83.7577,9.5,burrito:Chicken Burrito
4656,Pleasant Hill - GA,GA,33.940735,-84.122714,9.8,burrito:Chicken Burrito
4688,Fort Oglethorpe,GA,34.940925,-85.217636,9.8,burrito:Chicken Burrito
4701,Mableton,GA,33.836857,-84.575853,9.5,burrito:Chicken Burrito
477,Sandy Springs,GA,33.916322,-84.379567,8.6,burrito:Chicken Burrito
4786,Jodeco Road,GA,33.47959,-84.222232,9.95,burrito:Chicken Burrito
4788,Old National,GA,33.58175,-84.469989,9.8,burrito:Chicken Burrito
4789,Waycross,GA,31.205556,-82.335419,10.15,burrito:Chicken Burrito
4834,Evans GA,GA,33.530388,-82.122868,9.95,burrito:Chicken Burrito
485,Toco Hills,GA,33.814719,-84.310156,9.35,burrito:Chicken Burrito
4883,Jiles Road,GA,34.04759,-84.605752,9.5,burrito:Chicken Burrito
4917,Downtown Athens,GA,33.957871,-83.375827,9.35,burrito:Chicken Burrito
4918,Oakwood,GA,34.222249,-83.863921,9.5,burrito:Chicken Burrito
4952,Richmond Hill,GA,31.95258,-81.311,10.35,burrito:Chicken Burrito
4978,Madison GA,GA,33.559742,-83.477531,9.65,burrito:Chicken Burrito
5032,Jasper Ga,GA,34.45794,-84.4533,9.35,burrito:Chicken Burrito
5034,Monroe,GA,33.807186,-83.725884,9.95,burrito:Chicken Burrito
5111,McFarland,GA,34.1261,-84.2896,9.8,burrito:Chicken Burrito
5151,Sugar Hill,GA,34.120341,-84.079101,10.15,burrito:Chicken Burrito
5153,Ellijay,GA,34.655106,-84.493277,9.2,burrito:Chicken Burrito
5167,Braselton,GA,34.114233,-83.819654,9.35,burrito:Chicken Burrito
5183,Conyers East,GA,33.62557,-83.977408,9.95,burrito:Chicken Burrito
5195,Lake Lanier Islands Parkway,GA,34.143752,-83.957009,9.35,burrito:Chicken Burrito
5224,Rincon,GA,32.278175,-81.231157,9.95,burrito:Chicken Burrito
5261,Sixes Road,GA,34.146715,-84.511174,9.65,burrito:Chicken Burrito
5275,Dacula,GA,33.970568,-83.887597,9.5,burrito:Chicken Burrito
5412,Villa Rica,GA,33.726813,-84.940435,9.35,burrito:Chicken Burrito
5423,Lovejoy GA,GA,33.444663,-84.324038,9.8,burrito:Chicken Burrito
5433,Powers Ferry,GA,33.92007,-84.46774,9.35,burrito:Chicken Burrito
5448,Buford Drive & Hwy 316,GA,33.97646,-83.98572,9.95,burrito:Chicken Burrito
5482,Mountain Park Roswell,GA,34.0605,-84.38786,9.2,burrito:Chicken Burrito
5493,Cedarcrest & 92,GA,34.01261,-84.75316,9.5,burrito:Chicken Burrito
5529,Jimmy Carter & Peachtree Industrial,GA,33.94363,-84.23958,9.8,burrito:Chicken Burrito
5547,South Fulton,GA,33.611326,-84.611799,9.65,burrito:Chicken Burrito
5608,Washington Rd,GA,33.512157,-82.040657,9.95,burrito:Chicken Burrito
5642,Five Forks & Sugarloaf Parkway,GA,33.9248,-84.0206,9.5,burrito:Chicken Burrito
5656,Sharpsburg,GA,33.4082,-84.6855,9.2,burrito:Chicken Burrito
5738,Pleasant Hill Duluth,GA,34.00455,-84.17393,9.65,burrito:Chicken Burrito
576,Cumberland,GA,33.880957,-84.461281,8.95,burrito:Chicken Burrito
6007,Hwy 96,GA,32.555002,-83.660433,9.65,burrito:Chicken Burrito
667,Perimeter Mall,GA,33.927932,-84.344195,9.35,burrito:Chicken Burrito
909,Lawrenceville,GA,33.967151,-84.02244,9.65,burrito:Chicken Burrito
932,Mall of Georgia,GA,34.073164,-83.984773,9.2,burrito:Chicken Burrito
1069,Iowa City,IA,41.659748,-91.534894,8.45,burrito:Chicken Burrito
1545,Merle Hay,IA,41.628894,-93.697223,9.35,burrito:Chicken Burrito
1700,Davenport 53rd and Elmore,IA,41.573157,-90.529315,9.65,burrito:Chicken Burrito
1785,Ames,IA,42.017626,-93.610942,8.45,burrito:Chicken Burrito
1995,Sioux City,IA,42.44571,-96.343208,10.35,burrito:Chicken Burrito
2275,Lindale Mall,IA,42.02683,-91.626915,9.8,burrito:Chicken Burrito
2557,Jordan Creek,IA,41.562515,-93.799293,9.65,burrito:Chicken Burrito
2776,Ankeny,IA,41.709328,-93.580778,9.95,burrito:Chicken Burrito
2845,Dubuque,IA,42.491537,-90.720086,8.6,burrito:Chicken Burrito
4641,Davenport West Kimberly,IA,41.560916,-90.586689,10.15,burrito:Chicken Burrito
4852,Waukee,IA,41.615072,-93.863945,9.8,burrito:Chicken Burrito
4913,Coralville,IA,41.71801,-91.611132,9.5,burrito:Chicken Burrito
5366,Grimes IA,IA,41.686374,-93.780008,9.8,burrito:Chicken Burrito
5728,Clive IA - University Relo,IA,41.600926,-93.754946,8.95,burrito:Chicken Burrito
5798,Cedar Rapids - Edgewood Rd,IA,41.95166,-91.71729,9.15,burrito:Chicken Burrito
5809,Iowa City - Grand Army of the Republic,IA,41.647542,-91.538445,8.45,burrito:Chicken Burrito
6143,Altoona,IA,41.64461,-93.49915,10.15,burrito:Chicken Burrito
1624,Boise Towne Square,ID,43.606699,-116.282264,9.35,burrito:Chicken Burrito
1997,Meridian,ID,43.624188,-116.353907,9.65,burrito:Chicken Burrito
2259,Downtown Boise,ID,43.612686,-116.203084,9.5,burrito:Chicken Burrito
2783,Garden City,ID,43.67125,-116.283004,9.65,burrito:Chicken Burrito
3735,Linder Village Meridian,ID,43.662327,-116.410149,9.35,burrito:Chicken Burrito
4001,Southeast Boise,ID,43.578924,-116.174525,9.35,burrito:Chicken Burrito
4428,North Nampa,ID,43.59511,-116.513142,9.5,burrito:Chicken Burrito
4525,Twin Falls - ID,ID,42.588472,-114.480321,9.95,burrito:Chicken Burrito
4735,South Meridian,ID,43.588973,-116.394449,9.8,burrito:Chicken Burrito
4827,Caldwell,ID,43.634542,-116.645189,9.8,burrito:Chicken Burrito
4836,Post Falls,ID,47.71599,-116.894,9.8,burrito:Chicken Burrito
5315,Rexburg,ID,43.80375,-111.80615,9.8,burrito:Chicken Burrito
5761,Yellowstone & Alameda  - Pocatello,ID,42.8916,-112.44917,9.95,burrito:Chicken Burrito
5844,E. 17th Street - Idaho Falls,ID,43.48199,-111.98819,9.95,burrito:Chicken Burrito
1035,Bloomington Veterans Prkwy,IL,40.482568,-88.952214,9.2,burrito:Chicken Burrito
1037,Springfield White Oaks IL,IL,39.764431,-89.704348,9.35,burrito:Chicken Burrito
1055,Fairview Heights,IL,38.591908,-89.985458,9.8,burrito:Chicken Burrito
1082,Tinley Park,IL,41.600804,-87.794607,9.8,burrito:Chicken Burrito
1137,Oak Lawn 95th,IL,41.720023,-87.776558,8.6,burrito:Chicken Burrito
1148,Crystal Lake,IL,42.226642,-88.294975,8.95,burrito:Chicken Burrito
1169,Prairie Stone,IL,42.070549,-88.191161,8.95,burrito:Chicken Burrito
1186,Waukegan,IL,42.342315,-87.895796,9.8,burrito:Chicken Burrito
1194,Oswego,IL,41.70389,-88.30703,9.65,burrito:Chicken Burrito
1244,Elston Logan,IL,41.931623,-87.686359,9.5,burrito:Chicken Burrito
1292,Presidential Towers,IL,41.88046,-87.640922,9.5,burrito:Chicken Burrito
1339,Downers Grove Finley Square,IL,41.835192,-88.025263,9.35,burrito:Chicken Burrito
1369,Golf Mill,IL,42.055052,-87.835604,9.15,burrito:Chicken Burrito
1401,Pipers Alley,IL,41.911327,-87.635126,8.45,burrito:Chicken Burrito
1408,Elk Grove Village,IL,42.003149,-88.004911,8.95,burrito:Chicken Burrito
1419,Round Lake Beach,IL,42.3798,-88.0627,9.5,burrito:Chicken Burrito
1426,McHenry,IL,42.359946,-88.26651,9.35,burrito:Chicken Burrito
1434,Frankfort,IL,41.502393,-87.886747,9.5,burrito:Chicken Burrito
1437,Libertyville,IL,42.283981,-87.953805,8.95,burrito:Chicken Burrito
144,Ontario,IL,41.893262,-87.620664,9.35,burrito:Chicken Burrito
1462,Aurora Orchard,IL,41.786282,-88.376228,9.35,burrito:Chicken Burrito
1466,Wheaton West,IL,41.85824,-88.1399,9.35,burrito:Chicken Burrito
1541,Park Ridge,IL,42.009964,-87.827101,9.2,burrito:Chicken Burrito
156,Division,IL,41.903758,-87.628874,9.15,burrito:Chicken Burrito
1570,LaGrange Relo,IL,41.817789,-87.870029,9.2,burrito:Chicken Burrito
1612,Addison Elston,IL,41.945862,-87.709098,9.65,burrito:Chicken Burrito
1622,Hoffman Estates Golf & Roselle,IL,42.048967,-88.078899,8.75,burrito:Chicken Burrito
1633,IL State,IL,40.504275,-88.99489,8.45,burrito:Chicken Burrito
1663,Naperville 95th,IL,41.711822,-88.205151,9.8,burrito:Chicken Burrito
167,Vernon Hills,IL,42.232517,-87.942181,9.15,burrito:Chicken Burrito
1671,Joliet The Pointe,IL,41.576883,-88.158892,9.35,burrito:Chicken Burrito
1673,Matteson Lincoln Hwy.,IL,41.505648,-87.733312,9.35,burrito:Chicken Burrito
1674,Moline,IL,41.470701,-90.479684,9.8,burrito:Chicken Burrito
168,Glenview,IL,42.104781,-87.814037,9.2,burrito:Chicken Burrito
1740,Ashland Diversey,IL,41.932846,-87.668178,9.15,burrito:Chicken Burrito
1753,Berwyn,IL,41.850672,-87.802814,9.15,burrito:Chicken Burrito
1800,Naperville Tower Crossing,IL,41.797449,-88.118673,8.45,burrito:Chicken Burrito
1819,Addison - Lake 53,IL,41.949713,-88.032293,9.35,burrito:Chicken Burrito
1837,Champaign Prospect,IL,40.137485,-88.258603,8.45,burrito:Chicken Burrito
1882,Oak Brook East,IL,41.848419,-87.932257,9.15,burrito:Chicken Burrito
1886,Homewood - Flossmoor,IL,41.568079,-87.636924,9.5,burrito:Chicken Burrito
1888,Aurora Kirk & Butterfield,IL,41.813732,-88.280378,9.2,burrito:Chicken Burrito
1909,South Loop,IL,41.868037,-87.641059,9.8,burrito:Chicken Burrito
1922,Western and Roscoe,IL,41.941367,-87.688757,9.2,burrito:Chicken Burrito
1955,Peoria Northwoods,IL,40.743073,-89.631157,9.2,burrito:Chicken Burrito
1979,Hyde Park Chicago,IL,41.799695,-87.588031,9.35,burrito:Chicken Burrito
1983,Market Place 6 Corners,IL,41.953245,-87.744923,9.2,burrito:Chicken Burrito
2000,Plainfield 127th,IL,41.651227,-88.204231,9.8,burrito:Chicken Burrito
2035,Rockford Machesney,IL,42.366051,-89.023489,9.5,burrito:Chicken Burrito
208,Barrington Road,IL,42.025247,-88.143711,9.35,burrito:Chicken Burrito
209,Deerfield,IL,42.167033,-87.8441,9.35,burrito:Chicken Burrito
2097,HIP - Harlem & Irving,IL,41.957549,-87.807513,9.65,burrito:Chicken Burrito
2098,Crestwood,IL,41.649439,-87.738744,9.8,burrito:Chicken Burrito
2153,311 S. Wacker,IL,41.877852,-87.635373,9.65,burrito:Chicken Burrito
2297,Romeoville,IL,41.616328,-88.122773,9.65,burrito:Chicken Burrito
2298,Willow Sanders,IL,42.109629,-87.874887,8.75,burrito:Chicken Burrito
2349,South Joliet,IL,41.522654,-88.147525,9.65,burrito:Chicken Burrito
2350,East Peoria,IL,40.669464,-89.583838,9.35,burrito:Chicken Burrito
2390,Northbrook Lake Cook,IL,42.139017,-87.793098,8.75,burrito:Chicken Burrito
240,Michigan & Wacker,IL,41.887284,-87.624809,9.95,burrito:Chicken Burrito
2408,Broadway and Foster,IL,41.977139,-87.66042,9.95,burrito:Chicken Burrito
2409,53rd and Pulaski,IL,41.796156,-87.723641,10.35,burrito:Chicken Burrito
2438,Lake Bluff,IL,42.279038,-87.871489,9.5,burrito:Chicken Burrito
2466,Palatine,IL,42.138714,-88.025533,9.5,burrito:Chicken Burrito
2553,Cicero,IL,41.850979,-87.743851,10.15,burrito:Chicken Burrito
2556,111th and Cicero Oak Lawn,IL,41.691864,-87.740233,8.95,burrito:Chicken Burrito
2588,IL 83 and St Charles,IL,41.8906,-87.961391,9.35,burrito:Chicken Burrito
2609,Bradley,IL,41.173868,-87.85215,10.65,burrito:Chicken Burrito
2658,Homer Glen,IL,41.632041,-87.931793,9.5,burrito:Chicken Burrito
2685,Dekalb Barber Greene,IL,41.953346,-88.725361,9.5,burrito:Chicken Burrito
270,Oakbrook,IL,41.846534,-87.978608,9.2,burrito:Chicken Burrito
2721,Countryside LaGrange Road,IL,41.78479,-87.868119,9.35,burrito:Chicken Burrito
2731,Veterans & College Normal,IL,40.510087,-88.954744,8.95,burrito:Chicken Burrito
2737,Villa Park,IL,41.90583,-87.985485,9.65,burrito:Chicken Burrito
276,Rosemont,IL,42.00757,-87.885469,9.2,burrito:Chicken Burrito
2768,Englewood 63rd & Halsted,IL,41.779975,-87.645145,9.35,burrito:Chicken Burrito
2769,Effingham,IL,39.138116,-88.56602,9.5,burrito:Chicken Burrito
2796,Chicago-Ford City,IL,41.754832,-87.740607,9.95,burrito:Chicken Burrito
2821,Mokena,IL,41.54178,-87.851328,9.65,burrito:Chicken Burrito
2855,Saratoga and Ogden,IL,41.808292,-88.014447,9.8,burrito:Chicken Burrito
2884,Fairfield and Lake Street,IL,41.957178,-88.073648,9.5,burrito:Chicken Burrito
2923,Chatham,IL,41.735695,-87.625984,9.8,burrito:Chicken Burrito
2983,Grand and Mannheim,IL,41.931922,-87.885508,9.2,burrito:Chicken Burrito
3047,Bridgeview 87th & Harlem,IL,41.731263,-87.79849,9.35,burrito:Chicken Burrito
308,Diversey,IL,41.932968,-87.644199,9.8,burrito:Chicken Burrito
3136,Boughton Road Bolingbrook,IL,41.716647,-88.037908,8.95,burrito:Chicken Burrito
316,Oak Park,IL,41.888777,-87.804045,9.2,burrito:Chicken Burrito
3176,Woodfield Mall,IL,42.046001,-88.038216,8.95,burrito:Chicken Burrito
3177,Peru,IL,41.363335,-89.128676,9.65,burrito:Chicken Burrito
322,Westmont,IL,41.810574,-87.968129,9.2,burrito:Chicken Burrito
3281,New Lenox,IL,41.512894,-87.950729,9.65,burrito:Chicken Burrito
3283,South Holland,IL,41.600453,-87.602416,9.15,burrito:Chicken Burrito
3367,IMD Damen Ogden,IL,41.87299,-87.67748,10.65,burrito:Chicken Burrito
3396,Lockport IL,IL,41.597196,-88.017189,9.5,burrito:Chicken Burrito
3409,Decatur IL,IL,39.897961,-88.955963,9.65,burrito:Chicken Burrito
3430,South Wabash,IL,41.868114,-87.626084,9.95,burrito:Chicken Burrito
3433,Wrigleyville,IL,41.946918,-87.655487,9.8,burrito:Chicken Burrito
3468,Aurora Eola,IL,41.780454,-88.240191,9.2,burrito:Chicken Burrito
3481,Fullerton Lincoln Relo,IL,41.925684,-87.649527,8.6,burrito:Chicken Burrito
3482,Elgin Randall,IL,42.070495,-88.335675,9.5,burrito:Chicken Burrito
3554,Mundelein,IL,42.240787,-87.992757,9.5,burrito:Chicken Burrito
3581,Orland Park Relo,IL,41.61661,-87.852817,9.65,burrito:Chicken Burrito
3609,Woodstock IL,IL,42.314119,-88.435076,9.65,burrito:Chicken Burrito
3651,Harlem & Archer,IL,41.790968,-87.80108,9.5,burrito:Chicken Burrito
377,Kildeer,IL,42.161338,-88.049837,9.2,burrito:Chicken Burrito
3785,Edens Collection,IL,41.975234,-87.744321,9.8,burrito:Chicken Burrito
383,South Elgin,IL,41.985655,-88.341586,9.35,burrito:Chicken Burrito
3849,Randall & 38,IL,41.900848,-88.340203,9.5,burrito:Chicken Burrito
3851,Loves Park,IL,42.319429,-88.977673,9.65,burrito:Chicken Burrito
3866,191st & Harlem,IL,41.543875,-87.793291,9.8,burrito:Chicken Burrito
3871,Edwardsville,IL,38.78639,-89.950357,9.5,burrito:Chicken Burrito
3888,Lakemoor,IL,42.322283,-88.166609,9.2,burrito:Chicken Burrito
3897,Melrose Park Relo,IL,41.908186,-87.840955,9.5,burrito:Chicken Burrito
3968,Harlem & Madison,IL,41.879779,-87.804929,9.65,burrito:Chicken Burrito
3974,Touhy Market Place,IL,42.011785,-87.720832,9.65,burrito:Chicken Burrito
399,Algonquin,IL,42.171588,-88.335889,9.8,burrito:Chicken Burrito
400,Rogers Park,IL,42.002719,-87.661209,8.45,burrito:Chicken Burrito
4004,75th & Naper,IL,41.750135,-88.11521,9.8,burrito:Chicken Burrito
4019,Huron & St. Clair,IL,41.895218,-87.623169,9.8,burrito:Chicken Burrito
4030,Morton Grove,IL,42.040714,-87.796447,9.35,burrito:Chicken Burrito
4082,Western & North,IL,41.91058,-87.68696,10.15,burrito:Chicken Burrito
4105,Wheaton Relo,IL,41.833803,-88.102427,9.65,burrito:Chicken Burrito
413,Kenmore,IL,41.939757,-87.655144,9.2,burrito:Chicken Burrito
4191,Bloomingdale Relo,IL,41.939191,-88.114053,9.65,burrito:Chicken Burrito
4195,Carol Stream,IL,41.90249,-88.105389,9.8,burrito:Chicken Burrito
42,Clybourn Commons,IL,41.917751,-87.660048,9.65,burrito:Chicken Burrito
4201,Sutton Rd. & Irving Park,IL,42.021784,-88.203724,9.8,burrito:Chicken Burrito
4272,Loyola Pearson,IL,41.897417,-87.625165,9.65,burrito:Chicken Burrito
4289,Batavia Randall Rd.,IL,41.853017,-88.339451,9.65,burrito:Chicken Burrito
4324,Yorkville IL,IL,41.65683,-88.437035,10.15,burrito:Chicken Burrito
4333,Lansing IL,IL,41.568182,-87.560843,10.15,burrito:Chicken Burrito
4367,Springfield North Dirksen,IL,39.833996,-89.605478,9.8,burrito:Chicken Burrito
4402,Arlington Heights R-2,IL,42.1095,-87.974,9.15,burrito:Chicken Burrito
4458,Meacham Rd.- Schaumburg R,IL,42.0486,-88.04583,8.95,burrito:Chicken Burrito
4464,Peterson & Richmond R,IL,41.990119,-87.703261,9.8,burrito:Chicken Burrito
4513,Chicago Heights,IL,41.50612,-87.674218,9.5,burrito:Chicken Burrito
4557,Bolingbrook R,IL,41.691534,-88.123838,9.15,burrito:Chicken Burrito
4596,Dixon,IL,41.826771,-89.475812,9.8,burrito:Chicken Burrito
4630,Rolling Meadows R,IL,42.05152,-87.998614,8.95,burrito:Chicken Burrito
483,Rockford,IL,42.26449,-88.980615,9.35,burrito:Chicken Burrito
4838,Minooka,IL,41.454609,-88.270565,9.95,burrito:Chicken Burrito
4839,Evergreen Park,IL,41.720392,-87.703901,9.5,burrito:Chicken Burrito
484,River North,IL,41.891812,-87.628493,9.5,burrito:Chicken Burrito
4894,Barrington,IL,42.159752,-88.136566,9.2,burrito:Chicken Burrito
4915,Lake Zurich,IL,42.189152,-88.104439,9.2,burrito:Chicken Burrito
4921,St. Charles R,IL,41.921421,-88.270748,8.95,burrito:Chicken Burrito
4931,Grayslake,IL,42.33716,-88.0285,9.65,burrito:Chicken Burrito
4958,Ashland & Archer,IL,41.837265,-87.665118,10.15,burrito:Chicken Burrito
498,Elmhurst,IL,41.901242,-87.939531,9.15,burrito:Chicken Burrito
5010,Marion IL,IL,37.743279,-88.975686,9.8,burrito:Chicken Burrito
5017,Des Plaines,IL,42.028641,-87.89379,9.5,burrito:Chicken Burrito
5037,Huntley,IL,42.14075,-88.43194,9.8,burrito:Chicken Burrito
5038,Algonquin South,IL,42.14945,-88.33453,9.8,burrito:Chicken Burrito
505,Damen Avenue,IL,41.913331,-87.67732,9.65,burrito:Chicken Burrito
5067,Mattoon,IL,39.482875,-88.327759,9.65,burrito:Chicken Burrito
5123,Waukegan Grand,IL,42.371114,-87.881961,9.95,burrito:Chicken Burrito
5155,Joliet Rock Run,IL,41.521432,-88.21183,9.65,burrito:Chicken Burrito
5372,Galesburg IL,IL,40.974251,-90.384731,9.8,burrito:Chicken Burrito
5414,Lincolnshire R,IL,42.181671,-87.927399,9.2,burrito:Chicken Burrito
5427,Macomb,IL,40.459009,-90.646428,9.2,burrito:Chicken Burrito
5543,Hanover Park IL,IL,41.98955,-88.14822,9.5,burrito:Chicken Burrito
5627,Rockford State Street,IL,42.2648,-89.00946,9.35,burrito:Chicken Burrito
5659,Pekin,IL,40.543503,-89.599602,9.35,burrito:Chicken Burrito
5708,Belvidere,IL,42.272039,-88.862665,9.5,burrito:Chicken Burrito
5749,Ravenswood,IL,41.968354,-87.675731,9.95,burrito:Chicken Burrito
5774,Montgomery IL,IL,41.7221,-88.37384,9.95,burrito:Chicken Burrito
586,Beverly,IL,41.721433,-87.679919,9.35,burrito:Chicken Burrito
587,Warrenville,IL,41.801708,-88.172313,8.75,burrito:Chicken Burrito
5994,Champaign Neil Street,IL,40.090554,-88.246466,8.45,burrito:Chicken Burrito
605,Old Orchard,IL,42.052363,-87.747295,9.35,burrito:Chicken Burrito
624,Fox Valley,IL,41.768496,-88.206342,9.5,burrito:Chicken Burrito
627,Brickyard Mall,IL,41.928521,-87.787213,10.15,burrito:Chicken Burrito
631,Randhurst,IL,42.081136,-87.935653,9.35,burrito:Chicken Burrito
655,230 W. Monroe,IL,41.881215,-87.635085,9.95,burrito:Chicken Burrito
711,Madison LaSalle,IL,41.881865,-87.63277,9.5,burrito:Chicken Burrito
752,Willowbrook 83,IL,41.758678,-87.944339,9.15,burrito:Chicken Burrito
771,Champaign,IL,40.110393,-88.230635,8.45,burrito:Chicken Burrito
794,Dekalb NIU,IL,41.931419,-88.771632,8.6,burrito:Chicken Burrito
819,Glen Ellyn,IL,41.859022,-88.057634,9.5,burrito:Chicken Burrito
850,Madison & State,IL,41.882222,-87.627114,9.65,burrito:Chicken Burrito
87,Evanston,IL,42.048587,-87.681225,8.45,burrito:Chicken Burrito
88,Jackson,IL,41.878341,-87.627259,9.35,burrito:Chicken Burrito
885,Wheeling,IL,42.155058,-87.954098,8.95,burrito:Chicken Burrito
89,Touhy,IL,42.0115,-87.762874,9.2,burrito:Chicken Burrito
90,Naperville Riverwalk,IL,41.771193,-88.147656,8.95,burrito:Chicken Burrito
91,Franklin,IL,41.885602,-87.635243,9.35,burrito:Chicken Burrito
998,Gurnee Mills,IL,42.384224,-87.95446,9.5,burrito:Chicken Burrito
999,W Dundee Springhill,IL,42.099744,-88.28657,9.2,burrito:Chicken Burrito
1066,Coliseum Blvd,IN,41.117502,-85.12843,9.5,burrito:Chicken Burrito
1101,Richmond Village,IN,39.831467,-84.849463,9.95,burrito:Chicken Burrito
1257,Kokomo,IN,40.473291,-86.107957,9.5,burrito:Chicken Burrito
1268,Notre Dame,IN,41.692037,-86.235757,8.45,burrito:Chicken Burrito
1669,Valpo,IN,41.469024,-87.030069,8.95,burrito:Chicken Burrito
1704,Columbus Indiana,IN,39.22101,-85.889226,9.8,burrito:Chicken Burrito
1775,Lafayette,IN,40.417906,-86.831375,9.8,burrito:Chicken Burrito
1804,College Mall,IN,39.164209,-86.495069,8.45,burrito:Chicken Burrito
1846,Munster,IN,41.563999,-87.508464,9.65,burrito:Chicken Burrito
2077,Evansville Green River Road,IN,37.980819,-87.492085,9.15,burrito:Chicken Burrito
2113,Downtown Indy,IN,39.767405,-86.157774,9.65,burrito:Chicken Burrito
2172,Highland IN,IN,41.525502,-87.470687,9.95,burrito:Chicken Burrito
2208,Broad Ripple,IN,39.87009,-86.141552,8.95,burrito:Chicken Burrito
2327,Old Meridian,IN,39.972546,-86.154509,9.5,burrito:Chicken Burrito
2380,Greenwood,IN,39.638347,-86.129134,9.5,burrito:Chicken Burrito
2442,Aurora Indiana,IN,39.078143,-84.88931,9.95,burrito:Chicken Burrito
2512,Portage IN,IN,41.551197,-87.180853,9.65,burrito:Chicken Burrito
2562,IUPUI #3,IN,39.7818,-86.1696,8.45,burrito:Chicken Burrito
2564,Michigan City,IN,41.673404,-86.89336,10.15,burrito:Chicken Burrito
2691,Lima Road,IN,41.135604,-85.16216,9.8,burrito:Chicken Burrito
2770,Plainfield IN,IN,39.714638,-86.356385,9.8,burrito:Chicken Burrito
2805,Ireland and 31 South Bend,IN,41.628508,-86.252677,9.5,burrito:Chicken Burrito
2831,Castleton,IN,39.90604,-86.074509,9.5,burrito:Chicken Burrito
2990,Speedway,IN,39.800922,-86.269989,9.35,burrito:Chicken Burrito
3014,Hamilton Town Center,IN,39.995766,-85.937149,9.35,burrito:Chicken Burrito
3282,Crown Point IN,IN,41.42293,-87.3348,9.65,burrito:Chicken Burrito
3382,Fishers 116th,IN,39.957561,-85.997292,9.15,burrito:Chicken Burrito
3464,West Lafayette,IN,40.452126,-86.915367,8.75,burrito:Chicken Burrito
3561,Monon Crossing,IN,40.042351,-86.173304,9.8,burrito:Chicken Burrito
3796,Beech Grove,IN,39.699737,-86.081785,9.8,burrito:Chicken Burrito
3820,Emerson Ave & County Line,IN,39.641152,-86.08267,9.65,burrito:Chicken Burrito
3948,Dyer IN,IN,41.49225,-87.50578,9.65,burrito:Chicken Burrito
4013,Muncie,IN,40.219258,-85.394826,9.2,burrito:Chicken Burrito
4029,Elkhart,IN,41.722552,-85.976624,9.8,burrito:Chicken Burrito
4162,IN-933,IN,41.726463,-86.250046,9.2,burrito:Chicken Burrito
4163,Greenfield,IN,39.81605,-85.7696,9.65,burrito:Chicken Burrito
4215,Jefferson Pointe Relo,IN,41.07226,-85.200543,9.8,burrito:Chicken Burrito
4273,Goshen,IN,41.618,-85.894001,9.95,burrito:Chicken Burrito
4360,Hobart R,IN,41.471713,-87.300389,10.35,burrito:Chicken Burrito
4384,New Albany - IN,IN,38.303647,-85.838547,9.8,burrito:Chicken Burrito
4424,Carmel West,IN,39.938992,-86.23526,9.8,burrito:Chicken Burrito
4500,Auburn IN,IN,41.367574,-85.040741,9.8,burrito:Chicken Burrito
4558,Chesterton IN,IN,41.580852,-87.044303,10.35,burrito:Chicken Burrito
4584,Binford Blvd,IN,39.880894,-86.06902,9.8,burrito:Chicken Burrito
4605,Bloomington West,IN,39.163956,-86.57451,9.5,burrito:Chicken Burrito
4629,Lafayette Concord,IN,40.367512,-86.858311,10.35,burrito:Chicken Burrito
4668,Brownsburg,IN,39.855844,-86.392684,9.95,burrito:Chicken Burrito
4692,Green River North,IN,38.003095,-87.493063,10.15,burrito:Chicken Burrito
4693,Evansville Burkhardt,IN,37.988466,-87.473141,10.15,burrito:Chicken Burrito
4757,Anderson IN,IN,40.055953,-85.653515,9.8,burrito:Chicken Burrito
4765,Mishawaka South,IN,41.663305,-86.110303,9.5,burrito:Chicken Burrito
4790,West Evansville,IN,37.975948,-87.632676,9.35,burrito:Chicken Burrito
4846,Jeffersonville Town Center,IN,38.3238,-85.744528,9.35,burrito:Chicken Burrito
4849,Camby IN,IN,39.64636,-86.32782,9.8,burrito:Chicken Burrito
4994,Richmond Chester Blvd,IN,39.86925,-84.88804,9.8,burrito:Chicken Burrito
5047,Kokomo LaFountain St,IN,40.44021,-86.12762,9.65,burrito:Chicken Burrito
5081,146th & Hazel Dell Pkwy,IN,40.000721,-86.066017,9.35,burrito:Chicken Burrito
5124,St. John,IN,41.446005,-87.469256,9.95,burrito:Chicken Burrito
5129,Jeffersonville 10th St,IN,38.331658,-85.710884,9.5,burrito:Chicken Burrito
5158,Dupont & Tonkel,IN,41.179457,-85.081798,9.65,burrito:Chicken Burrito
5223,Lebanon IN,IN,40.070826,-86.47445,9.8,burrito:Chicken Burrito
5368,Crown Point Main Street,IN,41.431265,-87.365045,9.95,burrito:Chicken Burrito
5378,La Porte IN,IN,41.614875,-86.731156,10.15,burrito:Chicken Burrito
5393,Valpo West,IN,41.493834,-87.046135,9.2,burrito:Chicken Burrito
5451,SR 32 & Hazel Dell,IN,40.04389,-86.06786,9.65,burrito:Chicken Burrito
5517,Terre Haute East,IN,39.43668,-87.33362,9.65,burrito:Chicken Burrito
554,College Plaza,IN,39.912133,-86.218398,9.95,burrito:Chicken Burrito
5618,Avon West,IN,39.76367,-86.390163,9.65,burrito:Chicken Burrito
563,Indiana University,IN,39.166302,-86.529029,8.45,burrito:Chicken Burrito
571,96th Street,IN,39.926457,-86.090599,9.35,burrito:Chicken Burrito
6023,Whitestown,IN,39.95062,-86.34107,9.5,burrito:Chicken Burrito
686,Westfield,IN,40.000786,-86.118932,9.2,burrito:Chicken Burrito
690,Purdue University,IN,40.423632,-86.907163,8.45,burrito:Chicken Burrito
691,Rockville Road,IN,39.762985,-86.338379,9.65,burrito:Chicken Burrito
808,Mishawaka,IN,41.710279,-86.180722,9.2,burrito:Chicken Burrito
815,Nora,IN,39.912852,-86.134278,9.65,burrito:Chicken Burrito
1294,Leawood,KS,38.912594,-94.643196,9.15,burrito:Chicken Burrito
1302,Wichita East,KS,37.678727,-97.245051,9.65,burrito:Chicken Burrito
15,Corporate Woods,KS,38.927964,-94.697999,8.6,burrito:Chicken Burrito
1847,Shawnee,KS,39.014177,-94.722639,8.95,burrito:Chicken Burrito
1952,Maple & Ridge,KS,37.680185,-97.424519,9.2,burrito:Chicken Burrito
2119,Oak Park Mall Food Court,KS,38.953852,-94.7179,9.95,burrito:Chicken Burrito
2154,Lawrence - 23rd Street,KS,38.94318,-95.251918,8.45,burrito:Chicken Burrito
24,Mass Ave,KS,38.967069,-95.236151,8.45,burrito:Chicken Burrito
2482,Prairie Village,KS,39.003581,-94.629855,9.15,burrito:Chicken Burrito
2613,Derby Marketplace,KS,37.56455,-97.243501,9.95,burrito:Chicken Burrito
287,Manhattan KS,KS,39.18509,-96.576044,8.45,burrito:Chicken Burrito
31,Glenwood,KS,38.963547,-94.665794,9.15,burrito:Chicken Burrito
3164,Blackbob,KS,38.883055,-94.752265,9.65,burrito:Chicken Burrito
3193,Salina,KS,38.798713,-97.611874,9.95,burrito:Chicken Burrito
3194,Stanley,KS,38.854149,-94.683167,8.6,burrito:Chicken Burrito
3318,Olathe West,KS,38.883567,-94.834688,8.6,burrito:Chicken Burrito
336,135th & Metcalf,KS,38.885062,-94.667307,9.35,burrito:Chicken Burrito
3397,Lenexa,KS,38.970588,-94.772657,8.75,burrito:Chicken Burrito
340,Johnson Drive,KS,39.023373,-94.66486,9.2,burrito:Chicken Burrito
3508,21st & Amidon,KS,37.721804,-97.363634,9.95,burrito:Chicken Burrito
356,95th & Quivira,KS,38.957305,-94.726616,8.95,burrito:Chicken Burrito
3740,Central Shawnee,KS,39.009255,-94.76982,10.15,burrito:Chicken Burrito
378,West Lawrence,KS,38.972643,-95.289387,9.5,burrito:Chicken Burrito
3973,119th & Ridgeview,KS,38.913261,-94.794208,9.15,burrito:Chicken Burrito
3989,Greenwich Rd,KS,37.73085,-97.206474,9.35,burrito:Chicken Burrito
4018,Pawnee & Seneca,KS,37.649538,-97.353198,9.35,burrito:Chicken Burrito
4036,78th & State,KS,39.116807,-94.760043,9.35,burrito:Chicken Burrito
4046,Shawnee West Relo,KS,39.009372,-94.846074,9.2,burrito:Chicken Burrito
4107,Topeka - 29th St,KS,39.016828,-95.651293,9.65,burrito:Chicken Burrito
4142,Merriam,KS,39.015365,-94.688388,9.65,burrito:Chicken Burrito
422,New Market,KS,37.724139,-97.463274,9.2,burrito:Chicken Burrito
4375,North Topeka,KS,39.086228,-95.664209,9.8,burrito:Chicken Burrito
49,Northridge,KS,38.913387,-94.76152,8.75,burrito:Chicken Burrito
4947,151st & Blackbob,KS,38.853917,-94.757182,9.65,burrito:Chicken Burrito
546,Rock Road,KS,37.738196,-97.245344,9.35,burrito:Chicken Burrito
547,Hillside,KS,37.693987,-97.299467,8.45,burrito:Chicken Burrito
5692,Andover KS,KS,37.678879,-97.129877,9.35,burrito:Chicken Burrito
5919,Manhattan East,KS,39.180279,-96.561426,8.45,burrito:Chicken Burrito
738,Southgate,KS,38.851197,-94.817512,9.15,burrito:Chicken Burrito
836,Wanamaker,KS,39.029533,-95.761236,9.35,burrito:Chicken Burrito
891,Legends,KS,39.126117,-94.823465,9.35,burrito:Chicken Burrito
1307,Dream Street,KY,38.988771,-84.641847,9.8,burrito:Chicken Burrito
1381,NKU,KY,39.037629,-84.454721,8.95,burrito:Chicken Burrito
1522,Shoppes of Burlington,KY,39.019039,-84.693862,9.2,burrito:Chicken Burrito
1965,Downtown Louisville,KY,38.253164,-85.756956,9.8,burrito:Chicken Burrito
2088,Newport Pavilion 2,KY,39.087037,-84.477918,9.65,burrito:Chicken Burrito
2096,Springhurst,KY,38.29398,-85.560009,9.65,burrito:Chicken Burrito
2248,Highlands,KY,38.238987,-85.721278,9.35,burrito:Chicken Burrito
2274,Erlanger,KY,39.021412,-84.589667,9.95,burrito:Chicken Burrito
2428,Middletown Commons,KY,38.24303,-85.50888,9.65,burrito:Chicken Burrito
2429,Fayette Mall,KY,37.987156,-84.525733,9.95,burrito:Chicken Burrito
2579,Covington - KY,KY,39.086238,-84.51897,8.95,burrito:Chicken Burrito
2615,Hurstbourne,KY,38.240621,-85.577978,9.65,burrito:Chicken Burrito
2785,Bowling Green KY,KY,36.942751,-86.421114,9.95,burrito:Chicken Burrito
3365,Union,KY,38.961637,-84.678584,9.8,burrito:Chicken Burrito
3436,Hebron,KY,39.079756,-84.706757,9.2,burrito:Chicken Burrito
3461,Ft Wright,KY,39.034226,-84.533712,10.15,burrito:Chicken Burrito
3708,Alexandria KY,KY,38.983726,-84.399519,8.75,burrito:Chicken Burrito
4052,Nicholasville Rd,KY,38.00663,-84.517608,9.95,burrito:Chicken Burrito
4102,Fern Creek,KY,38.134955,-85.580565,10.15,burrito:Chicken Burrito
4132,Leestown,KY,38.066775,-84.525327,8.95,burrito:Chicken Burrito
4203,Owensboro,KY,37.721952,-87.123223,9.95,burrito:Chicken Burrito
4326,Turfway Road,KY,39.011779,-84.63012,9.5,burrito:Chicken Burrito
4515,Palomar,KY,38.00455,-84.573521,10.15,burrito:Chicken Burrito
4590,Independence - KY,KY,38.93078,-84.54572,10.15,burrito:Chicken Burrito
4655,Hopkinsville,KY,36.836165,-87.473652,9.95,burrito:Chicken Burrito
4923,War Admiral,KY,38.0405,-84.427676,9.8,burrito:Chicken Burrito
499,U of Kentucky,KY,38.042723,-84.502723,8.45,burrito:Chicken Burrito
5091,Citation Point,KY,38.096783,-84.507886,9.2,burrito:Chicken Burrito
5159,Nicholasville KY,KY,37.897959,-84.584428,9.95,burrito:Chicken Burrito
5181,Versailles KY,KY,38.051946,-84.712182,9.35,burrito:Chicken Burrito
5270,Preston Center KY,KY,38.09917,-85.6705,10.15,burrito:Chicken Burrito
5297,Bowling Green West,KY,36.961289,-86.46934,9.95,burrito:Chicken Burrito
5301,Paducah Hinkleville Rd,KY,37.07881,-88.68503,9.95,burrito:Chicken Burrito
545,Hamburg Place,KY,38.017243,-84.418305,9.5,burrito:Chicken Burrito
5491,Winchester KY,KY,37.990966,-84.212649,9.65,burrito:Chicken Burrito
5583,Richwood - Triple Crown,KY,38.926917,-84.636989,9.95,burrito:Chicken Burrito
5584,Georgetown I-75,KY,38.231046,-84.536454,9.35,burrito:Chicken Burrito
565,Florence,KY,39.001518,-84.652732,9.2,burrito:Chicken Burrito
572,Mount Tabor,KY,38.005289,-84.449374,9.15,burrito:Chicken Burrito
5840,Richmond KY Eastern Bypass,KY,37.73225,-84.27967,9.35,burrito:Chicken Burrito
5872,Bellevue KY,KY,39.09862,-84.48052,9.65,burrito:Chicken Burrito
5946,Holiday Manor,KY,38.28188,-85.63369,9.8,burrito:Chicken Burrito
689,Buttermilk,KY,39.047485,-84.576219,9.2,burrito:Chicken Burrito
1797,LSU,LA,30.418031,-91.176726,8.95,burrito:Chicken Burrito
1818,Elmwood,LA,29.960115,-90.184442,9.5,burrito:Chicken Burrito
2144,Veterans Blvd,LA,30.003074,-90.162486,9.95,burrito:Chicken Burrito
2176,Shreveport,LA,32.441716,-93.718353,9.95,burrito:Chicken Burrito
2354,Lafayette Ambassador,LA,30.161779,-92.053976,9.95,burrito:Chicken Burrito
2656,Bossier City,LA,32.550373,-93.709282,10.15,burrito:Chicken Burrito
2924,Gonzales Outlets,LA,30.212445,-90.950268,9.65,burrito:Chicken Burrito
2937,Slidell,LA,30.2693,-89.7606,9.65,burrito:Chicken Burrito
3120,Mandeville,LA,30.394524,-90.092283,9.65,burrito:Chicken Burrito
3204,Magazine - Garden District,LA,29.926037,-90.083069,10.15,burrito:Chicken Burrito
3689,Hammond,LA,30.482025,-90.45791,9.8,burrito:Chicken Burrito
4559,Covington - Hwy 190,LA,30.437375,-90.084405,9.8,burrito:Chicken Burrito
4961,Siegen Lane,LA,30.392216,-91.060847,9.15,burrito:Chicken Burrito
5042,Metairie,LA,30.00469,-90.21847,9.8,burrito:Chicken Burrito
5766,Shreveport Mansfield Rd.,LA,32.388913,-93.814658,9.95,burrito:Chicken Burrito
5795,Uptown Freret St,LA,29.935095,-90.108523,10.35,burrito:Chicken Burrito
5824,Lee Dr and Burbank Dr,LA,30.390356,-91.166854,9.15,burrito:Chicken Burrito
1034,Dedham,MA,42.257647,-71.167728,10.8,burrito:Chicken Burrito
1036,Davis Square,MA,42.395925,-71.122413,9.5,burrito:Chicken Burrito
1059,Cleveland Circle MA,MA,42.336475,-71.149571,9.2,burrito:Chicken Burrito
1098,Woburn Mass,MA,42.516584,-71.137851,9.95,burrito:Chicken Burrito
1108,Westborough,MA,42.285611,-71.608542,9.95,burrito:Chicken Burrito
1113,Mansfield Marketplace,MA,42.015547,-71.231427,10.35,burrito:Chicken Burrito
1114,Northshore Mall,MA,42.542196,-70.945071,10.35,burrito:Chicken Burrito
1150,North Quincy,MA,42.272591,-71.02721,10.65,burrito:Chicken Burrito
1200,Marlborough,MA,42.338745,-71.5914,9.65,burrito:Chicken Burrito
1211,Shoppers World,MA,42.300117,-71.393726,9.2,burrito:Chicken Burrito
1224,Fenway Park,MA,42.344755,-71.10089,9.5,burrito:Chicken Burrito
1243,Saugus,MA,42.479603,-71.021167,10.15,burrito:Chicken Burrito
1250,Needham Street,MA,42.308255,-71.215011,10.35,burrito:Chicken Burrito
1260,Norwood - Boston,MA,42.164465,-71.199587,9.95,burrito:Chicken Burrito
1267,Shrewsbury,MA,42.275389,-71.749783,10.35,burrito:Chicken Burrito
1299,Fresh Pond,MA,42.389296,-71.143417,9.35,burrito:Chicken Burrito
1357,BU Terriers,MA,42.350695,-71.11467,9.2,burrito:Chicken Burrito
1406,Derby Street,MA,42.178557,-70.908632,9.95,burrito:Chicken Burrito
1425,North Andover,MA,42.676092,-71.131702,9.65,burrito:Chicken Burrito
1474,Burlington Marketplace,MA,42.486162,-71.212724,9.8,burrito:Chicken Burrito
1520,Boston Financial District,MA,42.353418,-71.058025,9.95,burrito:Chicken Burrito
1580,Chicopee Crossing,MA,42.172811,-72.578186,10.35,burrito:Chicken Burrito
1615,Kendall Square MIT,MA,42.362548,-71.085697,9.65,burrito:Chicken Burrito
1653,School Street,MA,42.357535,-71.058415,9.35,burrito:Chicken Burrito
1676,Westford,MA,42.566596,-71.422779,10.5,burrito:Chicken Burrito
1686,Franklin Village,MA,42.090073,-71.42185,9.95,burrito:Chicken Burrito
1693,UMASS,MA,42.356834,-72.553741,9.5,burrito:Chicken Burrito
1699,Waltham_Main Street,MA,42.375759,-71.252849,9.95,burrito:Chicken Burrito
1806,Swampscott,MA,42.48195,-70.903741,9.95,burrito:Chicken Burrito
1817,Raynham,MA,41.905418,-71.049319,9.95,burrito:Chicken Burrito
1855,North Dartmouth,MA,41.639493,-70.991665,9.8,burrito:Chicken Burrito
1892,Central Square_Cambridge,MA,42.3649,-71.103212,9.8,burrito:Chicken Burrito
1957,Beverly_MA,MA,42.575817,-70.891249,9.5,burrito:Chicken Burrito
2016,Bedford MA,MA,42.486291,-71.262617,9.35,burrito:Chicken Burrito
2194,Seekonk Rte 6,MA,41.803022,-71.339008,10.35,burrito:Chicken Burrito
2341,553 Boylston Street,MA,42.35067,-71.076071,9.65,burrito:Chicken Burrito
2427,Westwood University Ave.,MA,42.204483,-71.153575,9.5,burrito:Chicken Burrito
2435,Billerica,MA,42.580564,-71.288135,10.65,burrito:Chicken Burrito
2491,Boston Seaport,MA,42.351059,-71.045746,9.5,burrito:Chicken Burrito
2509,Attleboro Rte 1,MA,41.923685,-71.356128,10.15,burrito:Chicken Burrito
2592,Methuen The Loop,MA,42.744014,-71.156593,9.65,burrito:Chicken Burrito
2622,City Place Theatre District,MA,42.35173,-71.067018,9.35,burrito:Chicken Burrito
2654,Reading Walkers Brook,MA,42.519646,-71.092238,9.8,burrito:Chicken Burrito
2667,Randolph,MA,42.165738,-71.04547,9.95,burrito:Chicken Burrito
2693,Holyoke I91,MA,42.175981,-72.640542,10.5,burrito:Chicken Burrito
2744,Chelmsford,MA,42.625047,-71.362388,10.5,burrito:Chicken Burrito
2905,West Springfield MA,MA,42.095956,-72.601954,10.65,burrito:Chicken Burrito
2954,South Bay Center,MA,42.322726,-71.061248,10.65,burrito:Chicken Burrito
2976,Waltham Lexington St,MA,42.41318,-71.233721,9.65,burrito:Chicken Burrito
2987,Natick,MA,42.302291,-71.359489,10.5,burrito:Chicken Burrito
3117,Milford Rte 109,MA,42.150131,-71.487961,9.8,burrito:Chicken Burrito
3149,Brockton Westgate Mall,MA,42.092976,-71.054373,10.65,burrito:Chicken Burrito
3205,Worcester,MA,42.282154,-71.807807,9.65,burrito:Chicken Burrito
3248,Haverhill,MA,42.814072,-71.101594,9.65,burrito:Chicken Burrito
3299,Plymouth MA,MA,41.953144,-70.711472,10.65,burrito:Chicken Burrito
3332,Cape Cod Hyannis Relo,MA,41.667267,-70.296814,9.8,burrito:Chicken Burrito
3333,Arsenal Yards Relo,MA,42.3703,-71.1796,10.95,burrito:Chicken Burrito
3334,East Longmeadow,MA,42.064735,-72.51373,10.35,burrito:Chicken Burrito
3485,Leominster,MA,42.533484,-71.743503,10.5,burrito:Chicken Burrito
3487,Newburyport Rte 113,MA,42.820735,-70.906568,9.8,burrito:Chicken Burrito
3627,Hanover Rte 53,MA,42.147459,-70.845195,9.8,burrito:Chicken Burrito
3711,Fall River MA,MA,41.673483,-71.165355,10.15,burrito:Chicken Burrito
3885,Medfield,MA,42.19446,-71.28971,10.65,burrito:Chicken Burrito
3906,Lynnfield Market Street,MA,42.51541,-71.03368,9.95,burrito:Chicken Burrito
3920,Wareham,MA,41.781759,-70.744821,9.95,burrito:Chicken Burrito
4010,Pittsfield,MA,42.466536,-73.196212,10.5,burrito:Chicken Burrito
4011,Westfield MA,MA,42.11168,-72.72315,10.5,burrito:Chicken Burrito
4181,Newtonville,MA,42.351673,-71.207962,10.5,burrito:Chicken Burrito
4413,Fairhaven,MA,41.639344,-70.88643,10.15,burrito:Chicken Burrito
4442,Medway,MA,42.15271,-71.404594,10.5,burrito:Chicken Burrito
4651,Palmer Thorndike St,MA,42.174932,-72.32233,10.5,burrito:Chicken Burrito
4712,Wilmington,MA,42.558216,-71.181363,10.15,burrito:Chicken Burrito
4717,Marlborough East,MA,42.34972,-71.50419,9.95,burrito:Chicken Burrito
4940,Gardner,MA,42.55941,-71.988609,10.5,burrito:Chicken Burrito
5136,Springfield Boston Rd,MA,42.14077,-72.486442,10.5,burrito:Chicken Burrito
5139,Concord MA,MA,42.465512,-71.388305,9.5,burrito:Chicken Burrito
5381,Easton MA,MA,42.024364,-71.11915,10.65,burrito:Chicken Burrito
5408,Canton Cobbs Corner,MA,42.138672,-71.149824,10.15,burrito:Chicken Burrito
5495,Gloucester MA,MA,42.62393,-70.65676,9.5,burrito:Chicken Burrito
5515,New Bedford,MA,41.674844,-70.941792,9.95,burrito:Chicken Burrito
5523,Northampton - King Street,MA,42.333317,-72.634661,9.65,burrito:Chicken Burrito
5670,Brighton MA,MA,42.348715,-71.158987,10.65,burrito:Chicken Burrito
5726,Framingham West,MA,42.298035,-71.421061,9.35,burrito:Chicken Burrito
5727,Mashpee,MA,41.61158,-70.49005,9.95,burrito:Chicken Burrito
5800,Worcester Stafford St,MA,42.2392,-71.84371,9.95,burrito:Chicken Burrito
870,Medford,MA,42.406043,-71.082907,9.95,burrito:Chicken Burrito
1009,Hagerstown,MD,39.659689,-77.744704,10.35,burrito:Chicken Burrito
103,Gaithersburg Square,MD,39.148525,-77.210253,10.15,burrito:Chicken Burrito
105,College Park,MD,38.980485,-76.938948,9.5,burrito:Chicken Burrito
1139,Vista Gardens,MD,38.954851,-76.828421,10.35,burrito:Chicken Burrito
1147,Wintergreen,MD,39.075289,-77.137765,9.65,burrito:Chicken Burrito
1168,Severna Park,MD,39.077507,-76.544604,9.65,burrito:Chicken Burrito
1225,Old Georgetown Square,MD,39.02576,-77.126984,9.65,burrito:Chicken Burrito
1228,Joppa,MD,39.398285,-76.585683,9.8,burrito:Chicken Burrito
1283,Timonium 2,MD,39.432745,-76.623175,9.8,burrito:Chicken Burrito
1312,Woodyard Crossing,MD,38.767599,-76.887921,9.95,burrito:Chicken Burrito
1320,Columbia Mall,MD,39.21473,-76.861714,9.8,burrito:Chicken Burrito
1334,Germantown MD,MD,39.182602,-77.263864,10.65,burrito:Chicken Burrito
1418,Frederick,MD,39.44538,-77.397286,9.5,burrito:Chicken Burrito
1439,Kensington,MD,39.02792,-77.076746,9.8,burrito:Chicken Burrito
1446,Salisbury University,MD,38.349695,-75.60252,9.5,burrito:Chicken Burrito
1449,Olney,MD,39.153201,-77.066147,9.8,burrito:Chicken Burrito
1463,Pikesville,MD,39.388398,-76.736214,10.15,burrito:Chicken Burrito
1477,Mount Airy,MD,39.36455,-77.160105,9.5,burrito:Chicken Burrito
1488,Lee Airport,MD,38.943155,-76.562083,10.35,burrito:Chicken Burrito
1515,Westminster II,MD,39.562066,-76.971595,10.15,burrito:Chicken Burrito
1519,Steeplechase,MD,38.869747,-76.847826,10.15,burrito:Chicken Burrito
1523,Can Company,MD,39.281246,-76.579937,9.65,burrito:Chicken Burrito
1578,Hyattsville,MD,38.955757,-76.939945,10.15,burrito:Chicken Burrito
1608,Four Corners,MD,39.020954,-77.011951,9.35,burrito:Chicken Burrito
1639,La Plata,MD,38.547027,-76.984461,10.5,burrito:Chicken Burrito
1644,Easton MD,MD,38.793927,-76.059386,10.35,burrito:Chicken Burrito
1649,Golden Ring,MD,39.335366,-76.485039,10.35,burrito:Chicken Burrito
1721,Federal Hill,MD,39.2724,-76.60231,9.65,burrito:Chicken Burrito
1722,North Charles Street,MD,39.304333,-76.615981,9.65,burrito:Chicken Burrito
1759,Ellicott City,MD,39.277324,-76.825935,9.95,burrito:Chicken Burrito
1786,North College Park,MD,39.02264,-76.925743,9.95,burrito:Chicken Burrito
1795,West Ocean City,MD,38.335852,-75.101551,10.5,burrito:Chicken Burrito
1822,Damascus,MD,39.288766,-77.202452,10.15,burrito:Chicken Burrito
1891,Woodlawn,MD,39.312449,-76.755355,9.8,burrito:Chicken Burrito
1936,Downtown Annapolis,MD,38.977812,-76.487798,10.5,burrito:Chicken Burrito
1993,White Marsh MD,MD,39.367873,-76.451833,9.95,burrito:Chicken Burrito
2038,Woodmore Towne Centre,MD,38.92138,-76.846378,10.35,burrito:Chicken Burrito
2055,Wheaton Mall,MD,39.035843,-77.055322,9.95,burrito:Chicken Burrito
2130,Potomac Village,MD,39.016651,-77.208966,9.8,burrito:Chicken Burrito
2192,Maryland City,MD,39.097935,-76.809009,9.8,burrito:Chicken Burrito
2225,Greenspring Tower,MD,39.337924,-76.635505,9.95,burrito:Chicken Burrito
2245,Pike & Rose,MD,39.049784,-77.115596,9.65,burrito:Chicken Burrito
2329,Owings Mills,MD,39.412696,-76.772272,10.35,burrito:Chicken Burrito
2331,Washingtonian,MD,39.116712,-77.198399,10.35,burrito:Chicken Burrito
2332,West Pratt Street,MD,39.286624,-76.619508,10.15,burrito:Chicken Burrito
2365,Eldersburg,MD,39.398562,-76.933013,10.15,burrito:Chicken Burrito
2388,Montgomery Mall,MD,39.024896,-77.147045,9.95,burrito:Chicken Burrito
2468,Watkins,MD,38.899966,-76.791667,10.35,burrito:Chicken Burrito
2593,National Harbor,MD,38.784547,-77.016889,10.5,burrito:Chicken Burrito
2605,North Salisbury,MD,38.403186,-75.569717,10.5,burrito:Chicken Burrito
2618,Bowie Market Place,MD,38.97774,-76.734879,9.65,burrito:Chicken Burrito
2649,Prince Frederick,MD,38.544697,-76.59211,10.35,burrito:Chicken Burrito
2668,Hillandale Center,MD,39.021865,-76.976696,9.35,burrito:Chicken Burrito
2669,Parkville,MD,39.373169,-76.542551,10.5,burrito:Chicken Burrito
2695,New Carrollton,MD,38.957758,-76.86999,10.15,burrito:Chicken Burrito
2747,Maple Lawn,MD,39.149709,-76.909905,9.8,burrito:Chicken Burrito
2763,West Nursery,MD,39.202139,-76.683569,9.8,burrito:Chicken Burrito
278,Chevy Chase,MD,38.962249,-77.088636,9.65,burrito:Chicken Burrito
2781,Germantown East,MD,39.203586,-77.247937,9.95,burrito:Chicken Burrito
2788,Golden Mile,MD,39.416472,-77.437766,9.65,burrito:Chicken Burrito
2804,Brandywine MD,MD,38.676,-76.8276,10.65,burrito:Chicken Burrito
293,Falls Grove,MD,39.096508,-77.192648,9.95,burrito:Chicken Burrito
2936,Towson Commons,MD,39.400403,-76.602846,9.65,burrito:Chicken Burrito
3015,Pasadena MD,MD,39.136266,-76.597528,10.5,burrito:Chicken Burrito
3050,Iverson Mall,MD,38.839694,-76.948578,9.95,burrito:Chicken Burrito
3113,Glen Burnie,MD,39.19509,-76.613549,10.15,burrito:Chicken Burrito
3114,Forestville,MD,38.846268,-76.885284,9.95,burrito:Chicken Burrito
3115,Mall at Prince Georges,MD,38.968586,-76.957622,10.35,burrito:Chicken Burrito
3218,Dunkirk,MD,38.725282,-76.658776,10.5,burrito:Chicken Burrito
3246,North Bel Air,MD,39.561498,-76.373064,10.15,burrito:Chicken Burrito
3264,Hopkins Bayview,MD,39.287761,-76.548304,9.95,burrito:Chicken Burrito
332,Westview,MD,39.374362,-77.412111,9.5,burrito:Chicken Burrito
3413,East Pratt Street,MD,39.287129,-76.607407,9.95,burrito:Chicken Burrito
3418,Oxon Hill,MD,38.804744,-76.990571,10.5,burrito:Chicken Burrito
3475,Northwood Commons,MD,39.340408,-76.591768,9.95,burrito:Chicken Burrito
3499,Broken Land Pkwy,MD,39.183653,-76.850253,10.65,burrito:Chicken Burrito
3520,Urbana,MD,39.323323,-77.35226,9.95,burrito:Chicken Burrito
3541,Reisterstown Shopping Center,MD,39.448267,-76.81519,10.35,burrito:Chicken Burrito
3598,Quarry Lake,MD,39.384596,-76.688925,10.5,burrito:Chicken Burrito
3713,Langley Park,MD,38.984886,-76.981586,10.35,burrito:Chicken Burrito
3714,Camp Springs,MD,38.823428,-76.918471,10.35,burrito:Chicken Burrito
3772,Hagerstown Dual Highway,MD,39.61369,-77.6916,10.65,burrito:Chicken Burrito
3829,Elkton,MD,39.60052,-75.804095,10.5,burrito:Chicken Burrito
3972,North Ocean City,MD,38.431785,-75.055966,10.35,burrito:Chicken Burrito
4057,Fallston,MD,39.49382,-76.391267,9.95,burrito:Chicken Burrito
4088,Dundalk Merritt Park,MD,39.27044,-76.50549,10.15,burrito:Chicken Burrito
411,Silver Spring,MD,38.996514,-77.025961,10.15,burrito:Chicken Burrito
4263,Landover Hills,MD,38.939433,-76.90732,10.15,burrito:Chicken Burrito
429,Columbia,MD,39.200752,-76.812958,9.8,burrito:Chicken Burrito
4370,Briggs Chaney,MD,39.081924,-76.946068,10.5,burrito:Chicken Burrito
4371,Charlotte Hall,MD,38.493234,-76.773689,10.65,burrito:Chicken Burrito
438,Berwyn Heights,MD,38.998603,-76.912146,9.95,burrito:Chicken Burrito
44,Bethesda,MD,38.985654,-77.096138,9.65,burrito:Chicken Burrito
4440,East Pasadena MD,MD,39.122486,-76.516403,10.15,burrito:Chicken Burrito
446,Bowie Town Center,MD,38.944513,-76.735131,9.65,burrito:Chicken Burrito
447,White Oak,MD,39.055511,-76.954912,9.95,burrito:Chicken Burrito
4523,Upper Marlboro,MD,38.784092,-76.796043,9.95,burrito:Chicken Burrito
4545,Cockeysville,MD,39.45674,-76.63272,9.65,burrito:Chicken Burrito
4609,Cambridge Eastern Shore,MD,38.56809,-76.06403,10.35,burrito:Chicken Burrito
461,Kentlands,MD,39.124667,-77.236987,9.65,burrito:Chicken Burrito
4649,North East,MD,39.606142,-75.954033,10.15,burrito:Chicken Burrito
4676,Largo,MD,38.894139,-76.823123,10.5,burrito:Chicken Burrito
4728,Rock Creek Village,MD,39.095428,-77.111176,10.15,burrito:Chicken Burrito
4970,Cromwell Business Park,MD,39.162853,-76.654238,9.65,burrito:Chicken Burrito
510,Roger's Forge,MD,39.372168,-76.61022,9.95,burrito:Chicken Burrito
5115,California MD,MD,38.30789,-76.528531,10.65,burrito:Chicken Burrito
5141,Konterra,MD,39.083392,-76.889844,10.15,burrito:Chicken Burrito
5149,Burtonsville Crossing,MD,39.117867,-76.931525,10.35,burrito:Chicken Burrito
5177,Eastgate Centre,MD,38.98923,-76.82204,10.35,burrito:Chicken Burrito
5207,Kent Island,MD,38.976304,-76.313387,10.65,burrito:Chicken Burrito
5225,James Run,MD,39.489446,-76.256917,10.5,burrito:Chicken Burrito
5291,Fairway Village Waldorf,MD,38.581785,-76.910957,10.5,burrito:Chicken Burrito
535,Arundel Mills,MD,39.153273,-76.72457,9.5,burrito:Chicken Burrito
536,Laurel Lakes,MD,39.0852,-76.862369,9.95,burrito:Chicken Burrito
5425,Parole,MD,38.976251,-76.552663,9.95,burrito:Chicken Burrito
5459,Lake Linganore,MD,39.39076,-77.31129,9.5,burrito:Chicken Burrito
5649,Perring,MD,39.399,-76.544693,10.5,burrito:Chicken Burrito
5650,Cumberland MD,MD,39.646846,-78.75757,9.2,burrito:Chicken Burrito
5773,Shipleys Grant,MD,39.214384,-76.802806,9.8,burrito:Chicken Burrito
5979,Hampstead MD,MD,39.63868,-76.86699,10.35,burrito:Chicken Burrito
608,Bel Air MD,MD,39.495593,-76.327773,10.35,burrito:Chicken Burrito
635,Hunt Valley,MD,39.496668,-76.654429,9.5,burrito:Chicken Burrito
654,Waugh Chapel,MD,39.038051,-76.68016,10.5,burrito:Chicken Burrito
683,Aspen Hill,MD,39.076738,-77.080042,10.15,burrito:Chicken Burrito
739,Waldorf,MD,38.622794,-76.913416,10.5,burrito:Chicken Burrito
835,Charles Village,MD,39.32712,-76.615625,9.2,burrito:Chicken Burrito
840,Annapolis Mall,MD,38.987491,-76.547059,9.95,burrito:Chicken Burrito
961,Lex Park,MD,38.291997,-76.493615,10.35,burrito:Chicken Burrito
1536,South Portland,ME,43.634989,-70.337837,9.95,burrito:Chicken Burrito
1749,Westbrook,ME,43.677565,-70.329777,10.15,burrito:Chicken Burrito
2287,Bangor,ME,44.829395,-68.753743,9.8,burrito:Chicken Burrito
2603,Portland Marginal Way,ME,43.660587,-70.266695,10.5,burrito:Chicken Burrito
3683,Windham,ME,43.835445,-70.438889,10.5,burrito:Chicken Burrito
3826,Auburn Center Street,ME,44.117154,-70.225259,10.5,burrito:Chicken Burrito
4042,Saco,ME,43.508308,-70.434967,10.15,burrito:Chicken Burrito
1043,Grand Rapids Woodland,MI,42.911962,-85.578299,9.2,burrito:Chicken Burrito
1158,Briarwood,MI,42.240706,-83.74529,9.5,burrito:Chicken Burrito
1219,Ann Arbor Go Blue,MI,42.279329,-83.740607,8.45,burrito:Chicken Burrito
1648,Telegraph & 12 Mile,MI,42.497849,-83.28418,8.95,burrito:Chicken Burrito
1696,Village at Rochester Hills,MI,42.681617,-83.192438,8.95,burrito:Chicken Burrito
1729,Kalamazoo,MI,42.295394,-85.655284,9.15,burrito:Chicken Burrito
2019,Grandville Rivertown,MI,42.884279,-85.739756,9.2,burrito:Chicken Burrito
2163,Saginaw,MI,43.47945,-83.970125,9.65,burrito:Chicken Burrito
2173,14 Mile & John R,MI,42.533882,-83.105992,9.2,burrito:Chicken Burrito
2206,Adrian,MI,41.875702,-84.042525,9.2,burrito:Chicken Burrito
2420,Northville Haggerty,MI,42.424021,-83.433792,9.5,burrito:Chicken Burrito
2481,Macomb Mall,MI,42.535861,-82.912491,9.8,burrito:Chicken Burrito
2596,Bloomfield - MI,MI,42.607501,-83.300305,9.35,burrito:Chicken Burrito
2638,Warren - MI,MI,42.514302,-83.047697,9.35,burrito:Chicken Burrito
2639,Baldwin Road,MI,42.709054,-83.306591,9.35,burrito:Chicken Burrito
2688,Flint,MI,42.976711,-83.768421,9.65,burrito:Chicken Burrito
2712,Allen Park,MI,42.282955,-83.203583,9.15,burrito:Chicken Burrito
2718,Canton,MI,42.32299,-83.459483,9.5,burrito:Chicken Burrito
2790,Woodhaven,MI,42.140423,-83.225054,9.15,burrito:Chicken Burrito
2840,Novi,MI,42.483718,-83.47416,9.2,burrito:Chicken Burrito
2842,Brighton MI,MI,42.541001,-83.785801,9.2,burrito:Chicken Burrito
2984,Holland MI,MI,42.81239,-86.087795,9.8,burrito:Chicken Burrito
3042,Portage,MI,42.230429,-85.589686,9.2,burrito:Chicken Burrito
3045,Chesterfield,MI,42.674083,-82.829662,9.8,burrito:Chicken Burrito
3099,CMU,MI,43.58492,-84.768104,8.75,burrito:Chicken Burrito
3105,South Kentwood,MI,42.849426,-85.625954,9.65,burrito:Chicken Burrito
3215,Grand Rapids Alpine,MI,43.023285,-85.688553,9.35,burrito:Chicken Burrito
3298,15 & Van Dyke,MI,42.554147,-83.028798,9.5,burrito:Chicken Burrito
3345,Shelby Township,MI,42.66965,-82.995681,9.5,burrito:Chicken Burrito
3394,Taylor,MI,42.197655,-83.257766,9.95,burrito:Chicken Burrito
3454,Lansing Mall Relo,MI,42.740544,-84.633073,8.6,burrito:Chicken Burrito
3513,Okemos,MI,42.721455,-84.426928,8.95,burrito:Chicken Burrito
3603,Ferndale,MI,42.463939,-83.137454,9.8,burrito:Chicken Burrito
3617,Livonia,MI,42.384284,-83.333142,10.15,burrito:Chicken Burrito
3692,Detroit / Grosse Pointe,MI,42.40649,-82.915806,9.5,burrito:Chicken Burrito
3724,Crooks & I-75,MI,42.59597,-83.168648,9.5,burrito:Chicken Burrito
3758,West Ann Arbor,MI,42.2758,-83.77831,9.2,burrito:Chicken Burrito
3768,Dearborn Heights,MI,42.326861,-83.302504,9.5,burrito:Chicken Burrito
3822,Downtown Royal Oak,MI,42.489379,-83.147059,9.65,burrito:Chicken Burrito
3911,Wixom,MI,42.505794,-83.536634,9.35,burrito:Chicken Burrito
4148,Clinton Township,MI,42.594245,-82.901123,9.8,burrito:Chicken Burrito
4210,Bay City,MI,43.624227,-83.895519,9.8,burrito:Chicken Burrito
4211,South Canton,MI,42.271432,-83.487776,9.95,burrito:Chicken Burrito
4220,Plymouth MI,MI,42.359188,-83.443579,9.8,burrito:Chicken Burrito
4241,Muskegon,MI,43.194033,-86.262967,9.8,burrito:Chicken Burrito
4478,Monroe - MI,MI,41.939519,-83.405853,9.5,burrito:Chicken Burrito
4593,Downtown Detroit,MI,42.330852,-83.045705,9.5,burrito:Chicken Burrito
4658,Commerce Twp,MI,42.530057,-83.438352,9.2,burrito:Chicken Burrito
4689,Madison Heights,MI,42.504664,-83.11027,9.5,burrito:Chicken Burrito
4691,Lake Lansing Road,MI,42.760691,-84.506112,8.95,burrito:Chicken Burrito
4805,Hall & Gratiot,MI,42.629295,-82.862589,9.8,burrito:Chicken Burrito
4953,Port Huron MI,MI,43.024027,-82.455215,9.5,burrito:Chicken Burrito
4972,Plymouth MI - Five Mile & Beck,MI,42.393578,-83.507767,9.8,burrito:Chicken Burrito
4974,Rockford MI,MI,43.117638,-85.597969,9.8,burrito:Chicken Burrito
5127,Hudsonville,MI,42.845374,-85.862509,9.35,burrito:Chicken Burrito
5268,South Saginaw,MI,43.436359,-84.028471,9.8,burrito:Chicken Burrito
5289,Grand Blanc Market Place,MI,42.919312,-83.620026,9.95,burrito:Chicken Burrito
5588,Fenton MI,MI,42.789242,-83.742546,10.15,burrito:Chicken Burrito
5612,Livonia MI - 7 Mile and Middlebelt,MI,42.426088,-83.336245,9.8,burrito:Chicken Burrito
5614,Southgate MI,MI,42.191464,-83.181479,10.15,burrito:Chicken Burrito
5740,Dearborn Heights MI - Telegraph Rd,MI,42.27856,-83.27007,9.35,burrito:Chicken Burrito
5782,Waterford Township MI,MI,42.6511,-83.369692,9.5,burrito:Chicken Burrito
5992,Grand Rapids MI - Burton,MI,42.926852,-85.608525,9.2,burrito:Chicken Burrito
720,Orchard Lake 2,MI,42.539073,-83.359947,9.35,burrito:Chicken Burrito
724,Rochester Hills,MI,42.642004,-83.131413,9.35,burrito:Chicken Burrito
746,Troy,MI,42.563563,-83.168234,9.2,burrito:Chicken Burrito
779,East Lansing MSU,MI,42.733636,-84.4773,8.45,burrito:Chicken Burrito
791,Royal Oak Woodward,MI,42.530744,-83.198054,8.75,burrito:Chicken Burrito
818,Hall & Schoenherr,MI,42.626416,-82.98776,9.5,burrito:Chicken Burrito
860,Southfield Evergreen,MI,42.481599,-83.241589,9.8,burrito:Chicken Burrito
955,Ann Arbor Washtenaw,MI,42.255368,-83.693385,8.45,burrito:Chicken Burrito
1116,Maple Grove,MN,45.133612,-93.476855,9.65,burrito:Chicken Burrito
1133,Mall of America MN,MN,44.853598,-93.242074,9.35,burrito:Chicken Burrito
128,Lawson,MN,44.945463,-93.095372,8.95,burrito:Chicken Burrito
1414,Richfield 2,MN,44.883954,-93.248529,9.15,burrito:Chicken Burrito
1438,North Maplewood,MN,45.035551,-93.019509,9.65,burrito:Chicken Burrito
1452,Northtown MN,MN,45.127286,-93.25675,8.75,burrito:Chicken Burrito
1571,200 South Sixth,MN,44.976898,-93.267942,9.15,burrito:Chicken Burrito
1739,South Eagan,MN,44.790697,-93.211784,8.45,burrito:Chicken Burrito
1792,St. Cloud - 5th Ave.,MN,45.558689,-94.156541,8.45,burrito:Chicken Burrito
186,Skyway,MN,44.978246,-93.271806,8.75,burrito:Chicken Burrito
1865,Shoreview,MN,45.058092,-93.143527,9.2,burrito:Chicken Burrito
19,Arbor Lakes,MN,45.095678,-93.44131,9.15,burrito:Chicken Burrito
196,Plymouth,MN,45.02058,-93.482526,9.15,burrito:Chicken Burrito
2051,Minnetonka 7 & 101,MN,44.918029,-93.502459,9.15,burrito:Chicken Burrito
21,Stadium Village,MN,44.973462,-93.22691,8.45,burrito:Chicken Burrito
2210,Duluth - Miller Hill Mall,MN,46.804871,-92.1597,8.95,burrito:Chicken Burrito
224,Maplewood,MN,45.010412,-93.023837,8.6,burrito:Chicken Burrito
226,Robert Street,MN,44.890162,-93.081144,9.35,burrito:Chicken Burrito
234,Woodbury,MN,44.924735,-92.955012,9.2,burrito:Chicken Burrito
238,Eagan,MN,44.835976,-93.151959,8.6,burrito:Chicken Burrito
2437,80th St - Cottage Grove,MN,44.832866,-92.957598,9.35,burrito:Chicken Burrito
25,Highland Crossing,MN,44.917524,-93.188556,8.75,burrito:Chicken Burrito
251,St. Anthony,MN,44.988006,-93.256909,9.35,burrito:Chicken Burrito
263,Nicollet Mall,MN,44.973535,-93.27533,8.45,burrito:Chicken Burrito
265,Burnhaven,MN,44.74756,-93.288722,8.95,burrito:Chicken Burrito
268,7 Corners,MN,44.973058,-93.247025,8.45,burrito:Chicken Burrito
2692,694 & Central,MN,45.062711,-93.248297,9.2,burrito:Chicken Burrito
2705,Rogers,MN,45.200739,-93.553948,9.15,burrito:Chicken Burrito
2724,Champlin,MN,45.158322,-93.390783,8.75,burrito:Chicken Burrito
28,Gateway Village,MN,45.55133,-94.206193,9.2,burrito:Chicken Burrito
2803,Brooklyn Center,MN,45.059152,-93.320954,9.35,burrito:Chicken Burrito
2919,Rosemount,MN,44.731298,-93.13359,8.75,burrito:Chicken Burrito
30,Cedar Commons,MN,44.94747,-93.321226,9.2,burrito:Chicken Burrito
3214,Lakeville,MN,44.694106,-93.285727,8.95,burrito:Chicken Burrito
324,Coon Rapids,MN,45.198771,-93.354817,8.95,burrito:Chicken Burrito
3256,St Louis Park Relo,MN,44.930205,-93.350442,8.95,burrito:Chicken Burrito
33,Apple Valley,MN,44.731145,-93.219372,8.95,burrito:Chicken Burrito
3311,Coon Rapids - Northdale,MN,45.1827,-93.3216,9.2,burrito:Chicken Burrito
3327,Chaska,MN,44.834817,-93.601108,9.2,burrito:Chicken Burrito
3358,610 & Zane,MN,45.124552,-93.357518,8.75,burrito:Chicken Burrito
338,Eden Prairie,MN,44.859244,-93.442869,9.35,burrito:Chicken Burrito
3427,Baxter MN,MN,46.358212,-94.245605,9.5,burrito:Chicken Burrito
3495,Shady Oak,MN,44.894066,-93.419739,8.6,burrito:Chicken Burrito
3529,Roseville - Snelling Ave,MN,45.022001,-93.168834,9.15,burrito:Chicken Burrito
3571,Savage,MN,44.749682,-93.379868,9.2,burrito:Chicken Burrito
3572,Forest Lake,MN,45.278227,-92.998222,9.2,burrito:Chicken Burrito
365,Hennepin,MN,44.955352,-93.297214,8.6,burrito:Chicken Burrito
3839,West Shakopee,MN,44.781348,-93.508241,9.95,burrito:Chicken Burrito
3919,North Blaine,MN,45.195718,-93.236486,9.65,burrito:Chicken Burrito
402,Grand Ave.,MN,44.940113,-93.136826,9.15,burrito:Chicken Burrito
4068,Orchard Place,MN,44.722722,-93.177854,9.2,burrito:Chicken Burrito
419,Edina,MN,44.879146,-93.320556,8.75,burrito:Chicken Burrito
4266,Sartell,MN,45.596498,-94.192035,9.35,burrito:Chicken Burrito
431,Chanhassen,MN,44.859373,-93.534467,9.5,burrito:Chicken Burrito
4547,North Mankato,MN,44.177839,-94.034032,8.6,burrito:Chicken Burrito
4660,North Branch,MN,45.51071,-93.00077,9.5,burrito:Chicken Burrito
4753,Moorhead,MN,46.87713,-96.72818,9.65,burrito:Chicken Burrito
4888,Buffalo MN,MN,45.18598,-93.87538,9.15,burrito:Chicken Burrito
4889,Inver Grove Heights,MN,44.866354,-93.055397,9.65,burrito:Chicken Burrito
5005,Preserve Village - EP,MN,44.83614,-93.39918,9.65,burrito:Chicken Burrito
5008,Rush Creek,MN,45.08417,-93.51835,9.5,burrito:Chicken Burrito
5052,Monticello,MN,45.289699,-93.772256,9.65,burrito:Chicken Burrito
5053,St. Michael,MN,45.210171,-93.651118,9.5,burrito:Chicken Burrito
514,Brooklyn Park,MN,45.094135,-93.383211,9.35,burrito:Chicken Burrito
5237,Minnetonka - Plymouth Rd R,MN,44.96707,-93.44186,9.5,burrito:Chicken Burrito
5278,Fairdale Shoppes R,MN,45.01244,-93.17779,8.95,burrito:Chicken Burrito
5307,Clocktower Commons,MN,45.245664,-93.302501,9.5,burrito:Chicken Burrito
5453,Dinkytown,MN,44.98032,-93.23489,8.6,burrito:Chicken Burrito
551,Mankato,MN,44.146167,-93.994052,8.6,burrito:Chicken Burrito
5558,Owatonna,MN,44.083484,-93.242988,9.2,burrito:Chicken Burrito
557,Rochester,MN,44.062767,-92.500103,9.65,burrito:Chicken Burrito
5602,Circle Pines,MN,45.13842,-93.16732,8.95,burrito:Chicken Burrito
5643,Winona,MN,44.048186,-91.67958,9.2,burrito:Chicken Burrito
5814,Ramsey MN,MN,45.23769,-93.46996,9.5,burrito:Chicken Burrito
5879,Alexandria MN - Broadway,MN,45.8501,-95.3872,9.15,burrito:Chicken Burrito
5883,Oakdale - 4Front,MN,44.998346,-92.950683,8.95,burrito:Chicken Burrito
594,Richfield,MN,44.86401,-93.288867,9.2,burrito:Chicken Burrito
5981,Fergus Falls,MN,46.28914,-96.11653,9.2,burrito:Chicken Burrito
630,Blaine,MN,45.160472,-93.233823,9.15,burrito:Chicken Burrito
649,Ear of Corn,MN,44.006074,-92.464226,9.15,burrito:Chicken Burrito
653,Stillwater,MN,45.035646,-92.837415,8.75,burrito:Chicken Burrito
657,Lake Elmo,MN,44.944625,-92.90468,8.75,burrito:Chicken Burrito
728,Silver Lake,MN,45.038909,-93.219786,9.2,burrito:Chicken Burrito
754,Bloomington MN,MN,44.811215,-93.329092,8.95,burrito:Chicken Burrito
757,Shakopee MN,MN,44.776314,-93.414129,8.6,burrito:Chicken Burrito
764,Crystal,MN,45.055094,-93.364971,8.95,burrito:Chicken Burrito
774,Golden Valley MN,MN,44.984482,-93.381111,9.65,burrito:Chicken Burrito
782,Hastings,MN,44.738873,-92.892639,9.15,burrito:Chicken Burrito
876,Vadnais Heights,MN,45.051991,-93.063298,8.6,burrito:Chicken Burrito
884,Wayzata MN,MN,44.971462,-93.496635,8.95,burrito:Chicken Burrito
895,Mankato 2,MN,44.166301,-93.951396,9.2,burrito:Chicken Burrito
925,Elk River,MN,45.30128,-93.555077,9.15,burrito:Chicken Burrito
1027,Columbia East,MO,38.947395,-92.30007,8.75,burrito:Chicken Burrito
1048,Kirkwood,MO,38.563706,-90.408141,9.2,burrito:Chicken Burrito
1050,Springfield-MO,MO,37.153027,-93.295163,8.6,burrito:Chicken Burrito
1090,Springfield National,MO,37.209743,-93.275599,8.6,burrito:Chicken Burrito
1183,Jefferson City,MO,38.578833,-92.192716,9.5,burrito:Chicken Burrito
1382,Blue Springs,MO,39.025883,-94.248295,9.2,burrito:Chicken Burrito
1493,North Oak,MO,39.195461,-94.579993,9.15,burrito:Chicken Burrito
1557,Chipman,MO,38.921327,-94.359722,9.15,burrito:Chicken Burrito
16,Bell,MO,39.057066,-94.605593,9.35,burrito:Chicken Burrito
1620,Blue Ridge Crossing,MO,39.046592,-94.446975,9.15,burrito:Chicken Burrito
1848,Belton,MO,38.814028,-94.510088,9.5,burrito:Chicken Burrito
1849,Raytown,MO,38.994551,-94.474417,8.75,burrito:Chicken Burrito
1941,SLU,MO,38.632632,-90.233931,9.15,burrito:Chicken Burrito
2026,Florissant,MO,38.804511,-90.307734,10.15,burrito:Chicken Burrito
2082,Bridgeton,MO,38.750698,-90.427814,9.35,burrito:Chicken Burrito
2112,Joplin,MO,37.084878,-94.47663,9.5,burrito:Chicken Burrito
2213,West County Mall FC,MO,38.599121,-90.448845,9.65,burrito:Chicken Burrito
2356,Hanley Road,MO,38.626347,-90.334343,9.5,burrito:Chicken Burrito
243,Lee Summit,MO,38.928658,-94.409007,9.2,burrito:Chicken Burrito
2612,North KC,MO,39.173627,-94.535573,9.15,burrito:Chicken Burrito
2852,Truman Marketplace,MO,38.901985,-94.525386,8.95,burrito:Chicken Burrito
3010,Warrensburg,MO,38.772324,-93.735849,8.45,burrito:Chicken Burrito
315,Mizzou,MO,38.947978,-92.327411,8.6,burrito:Chicken Burrito
3197,Tremont,MO,39.209913,-94.643014,9.5,burrito:Chicken Burrito
3217,South KC,MO,38.944279,-94.607973,9.2,burrito:Chicken Burrito
3339,Stadium Blvd,MO,38.960867,-92.37042,9.2,burrito:Chicken Burrito
335,Barry North,MO,39.253091,-94.653916,9.15,burrito:Chicken Burrito
3552,Twin Creeks,MO,39.247634,-94.595075,9.65,burrito:Chicken Burrito
3767,Hampton Village,MO,38.597105,-90.293105,9.95,burrito:Chicken Burrito
3884,St Charles MO,MO,38.78368,-90.532497,9.65,burrito:Chicken Burrito
3943,Manchester,MO,38.60174,-90.466729,9.95,burrito:Chicken Burrito
395,Independence,MO,39.033696,-94.357917,9.8,burrito:Chicken Burrito
4098,South Lee Summit,MO,38.912167,-94.396644,9.15,burrito:Chicken Burrito
4419,Blue Springs - Hwy 7,MO,39.00896,-94.27518,9.8,burrito:Chicken Burrito
4470,Lake St. Louis,MO,38.763596,-90.784877,9.8,burrito:Chicken Burrito
4512,U City,MO,38.672957,-90.360404,9.2,burrito:Chicken Burrito
4912,Rock Hill,MO,38.609044,-90.366985,9.65,burrito:Chicken Burrito
4981,Westport,MO,39.050667,-94.607035,9.5,burrito:Chicken Burrito
51,Waldo,MO,38.992351,-94.595414,8.45,burrito:Chicken Burrito
5198,Wentzville,MO,38.814795,-90.87543,10.15,burrito:Chicken Burrito
5231,Liberty - 291,MO,39.23722,-94.43495,9.8,burrito:Chicken Burrito
5311,Bannister Rd,MO,38.95354,-94.5229,9.15,burrito:Chicken Burrito
5407,Independence - Hwy 291,MO,39.07459,-94.37981,9.35,burrito:Chicken Burrito
5521,Indiana & 152,MO,39.248279,-94.539826,9.8,burrito:Chicken Burrito
5590,Sedalia,MO,38.71323,-93.28054,8.45,burrito:Chicken Burrito
5669,Springfield Sunshine St.,MO,37.180511,-93.247294,8.75,burrito:Chicken Burrito
5915,Cape Girardeau,MO,37.30124,-89.57785,9.95,burrito:Chicken Burrito
648,Main Street KC,MO,39.038948,-94.586877,8.45,burrito:Chicken Burrito
669,St. Joe,MO,39.813656,-94.813872,9.5,burrito:Chicken Burrito
736,Liberty,MO,39.247708,-94.465917,9.8,burrito:Chicken Burrito
776,Stateline,MO,38.888928,-94.607339,8.95,burrito:Chicken Burrito
859,Kansas City Live,MO,39.097367,-94.582447,9.65,burrito:Chicken Burrito
905,Ellisville,MO,38.592211,-90.584408,9.15,burrito:Chicken Burrito
907,DT Clayton,MO,38.650555,-90.338435,9.15,burrito:Chicken Burrito
918,Drew Station,MO,38.643302,-90.564922,9.8,burrito:Chicken Burrito
919,Creve Coeur,MO,38.671993,-90.436127,9.35,burrito:Chicken Burrito
920,OFallon,MO,38.780679,-90.699027,9.65,burrito:Chicken Burrito
2917,Oxford MS,MS,34.363708,-89.559204,8.6,burrito:Chicken Burrito
3340,Southaven,MS,34.963151,-89.990437,9.35,burrito:Chicken Burrito
3863,Starkville,MS,33.454201,-88.814088,8.95,burrito:Chicken Burrito
4165,Tupelo,MS,34.301939,-88.708356,9.2,burrito:Chicken Burrito
4443,Ridgeland,MS,32.39991,-90.141453,9.65,burrito:Chicken Burrito
4451,Flowood,MS,32.337598,-90.067307,9.15,burrito:Chicken Burrito
4561,Olive Branch,MS,34.96501,-89.84286,9.15,burrito:Chicken Burrito
4599,D'Iberville,MS,30.454879,-88.904974,9.15,burrito:Chicken Burrito
4623,Madison MS,MS,32.46167,-90.13499,9.8,burrito:Chicken Burrito
4714,Brandon,MS,32.284407,-90.039506,9.2,burrito:Chicken Burrito
4962,Oxford East,MS,34.373235,-89.496933,8.75,burrito:Chicken Burrito
5475,Ocean Springs,MS,30.41213,-88.77625,9.2,burrito:Chicken Burrito
5591,Horn Lake,MS,34.963834,-90.066308,9.35,burrito:Chicken Burrito
2318,Bozeman,MT,45.680196,-111.063014,9.8,burrito:Chicken Burrito
2490,Billings Mid Town,MT,45.784522,-108.55692,9.5,burrito:Chicken Burrito
2495,Missoula,MT,46.892196,-114.03998,9.8,burrito:Chicken Burrito
4028,Kalispell,MT,48.231424,-114.331391,9.8,burrito:Chicken Burrito
4444,Great Falls,MT,47.49385,-111.274441,9.15,burrito:Chicken Burrito
4504,Southwest Billings,MT,45.749306,-108.616751,9.35,burrito:Chicken Burrito
5076,The Heights,MT,45.809223,-108.473413,9.8,burrito:Chicken Burrito
5186,West Bozeman - Northwest Crossing,MT,45.69339,-111.10415,9.95,burrito:Chicken Burrito
5211,Helena,MT,46.615533,-112.014098,9.35,burrito:Chicken Burrito
5292,Butte,MT,45.96701,-112.50768,9.5,burrito:Chicken Burrito
1007,Matthews,NC,35.124711,-80.708134,9.65,burrito:Chicken Burrito
1087,Cary Kildaire,NC,35.765223,-78.783861,9.65,burrito:Chicken Burrito
1510,Hwy 51 @ Carmel,NC,35.088065,-80.850922,9.35,burrito:Chicken Burrito
1584,Charlotte Midtown,NC,35.213717,-80.833475,9.2,burrito:Chicken Burrito
1607,Fayetteville NC,NC,35.068529,-78.967152,9.35,burrito:Chicken Burrito
1659,NC State,NC,35.787647,-78.66684,8.45,burrito:Chicken Burrito
1791,Durham Southpoint,NC,35.90347,-78.941542,9.15,burrito:Chicken Burrito
1826,Southpark Mall Food Court,NC,35.152858,-80.832689,9.2,burrito:Chicken Burrito
1874,Charlotte University,NC,35.31327,-80.743226,8.95,burrito:Chicken Burrito
1911,UNC Greensboro,NC,36.067443,-79.80518,9.2,burrito:Chicken Burrito
1946,Park West Village,NC,35.807005,-78.81519,9.8,burrito:Chicken Burrito
1956,Mooresville NC,NC,35.595424,-80.875673,10.15,burrito:Chicken Burrito
1959,Wilmington Oleander,NC,34.213665,-77.901899,9.35,burrito:Chicken Burrito
1974,Gateway Terrace,NC,35.953071,-78.992277,9.35,burrito:Chicken Burrito
2066,Strickland Six Forks,NC,35.901908,-78.654884,8.95,burrito:Chicken Burrito
2071,Boone,NC,36.199188,-81.657847,8.75,burrito:Chicken Burrito
2101,Hickory,NC,35.707334,-81.308264,10.15,burrito:Chicken Burrito
2129,Gateway Plaza,NC,34.786515,-77.402599,9.2,burrito:Chicken Burrito
2181,Greenville,NC,35.5843,-77.370953,8.6,burrito:Chicken Burrito
2183,Birkdale Village,NC,35.44367,-80.878983,9.15,burrito:Chicken Burrito
2222,Gastonia,NC,35.260192,-81.13312,9.95,burrito:Chicken Burrito
2233,Concord Parkway,NC,35.437973,-80.605539,9.35,burrito:Chicken Burrito
2282,Mayfaire,NC,34.242672,-77.828374,9.5,burrito:Chicken Burrito
2303,Asheville Hendersonville Road,NC,35.504615,-82.523931,9.65,burrito:Chicken Burrito
2379,New Bern,NC,35.102893,-77.085557,9.95,burrito:Chicken Burrito
2386,Triangle Town Center,NC,35.868126,-78.583484,9.2,burrito:Chicken Burrito
2453,Charlotte StoneCrest,NC,35.061239,-80.814391,9.65,burrito:Chicken Burrito
2485,Cary Crossroads,NC,35.760404,-78.740893,9.35,burrito:Chicken Burrito
2521,Carolina Place Mall Food Court,NC,35.082322,-80.877287,9.5,burrito:Chicken Burrito
2550,High Point NC,NC,36.032705,-79.958377,9.95,burrito:Chicken Burrito
2611,Smithfield,NC,35.506173,-78.32157,10.35,burrito:Chicken Burrito
2640,Kernersville,NC,36.108443,-80.097688,9.95,burrito:Chicken Burrito
2665,High Point Main St.,NC,35.985403,-80.025325,9.15,burrito:Chicken Burrito
2683,Greenville Memorial Dr,NC,35.551435,-77.405015,9.8,burrito:Chicken Burrito
2751,Waverly,NC,35.052532,-80.768407,9.35,burrito:Chicken Burrito
2793,Goldsboro,NC,35.374761,-77.945619,10.15,burrito:Chicken Burrito
2822,Apex,NC,35.746414,-78.82956,9.2,burrito:Chicken Burrito
2880,Concord Mills,NC,35.371145,-80.722987,9.8,burrito:Chicken Burrito
2938,Fayetteville Ramsey St.,NC,35.125504,-78.881104,9.15,burrito:Chicken Burrito
2939,Charlotte Northlake,NC,35.348791,-80.857763,9.95,burrito:Chicken Burrito
2950,Garner White Oak,NC,35.697311,-78.584972,9.65,burrito:Chicken Burrito
2979,Salisbury NC,NC,35.652635,-80.457153,9.8,burrito:Chicken Burrito
3004,Chapel Hill Eastgate,NC,35.936111,-79.02404,8.75,burrito:Chicken Burrito
3024,Fuquay Varina,NC,35.592746,-78.774461,9.8,burrito:Chicken Burrito
3036,Patton Avenue,NC,35.586721,-82.587429,9.5,burrito:Chicken Burrito
3095,Whitehall,NC,35.139242,-80.935595,9.8,burrito:Chicken Burrito
3125,Charlotte Belgate Center,NC,35.290516,-80.765999,9.35,burrito:Chicken Burrito
3133,North Durham,NC,36.04078,-78.898845,9.35,burrito:Chicken Burrito
3134,Monroe NC,NC,35.009415,-80.56415,9.95,burrito:Chicken Burrito
3138,City Park Tyvola,NC,35.18161,-80.915386,9.65,burrito:Chicken Burrito
3212,Wake Forest,NC,35.966301,-78.543495,9.5,burrito:Chicken Burrito
3266,Raleigh North Hills,NC,35.840181,-78.643501,9.35,burrito:Chicken Burrito
3267,RTP Page Rd & Miami,NC,35.876531,-78.850474,9.35,burrito:Chicken Burrito
3337,Burlington NC,NC,36.073603,-79.492327,9.5,burrito:Chicken Burrito
3453,Uptown on Tryon,NC,35.225498,-80.846283,9.5,burrito:Chicken Burrito
3616,South Raleigh Hwy 401,NC,35.722103,-78.652367,9.65,burrito:Chicken Burrito
3693,Wilson,NC,35.731623,-77.951545,9.8,burrito:Chicken Burrito
3738,Hendersonville NC,NC,35.346185,-82.434631,9.2,burrito:Chicken Burrito
3743,University Pkwy,NC,36.168654,-80.277207,9.8,burrito:Chicken Burrito
3751,Albemarle Rd,NC,35.211225,-80.690015,9.2,burrito:Chicken Burrito
3801,Kannapolis,NC,35.42271,-80.676294,9.35,burrito:Chicken Burrito
3958,Fayetteville Raeford Rd,NC,35.04438,-78.930733,9.65,burrito:Chicken Burrito
4016,Durham Ellis,NC,35.940629,-78.854043,9.35,burrito:Chicken Burrito
4100,Rocky Mount Hwy 301,NC,35.970033,-77.809089,9.8,burrito:Chicken Burrito
4139,Greensboro Gate City Blvd South,NC,36.0028,-79.905418,9.5,burrito:Chicken Burrito
4141,Statesville,NC,35.813918,-80.876032,9.65,burrito:Chicken Burrito
4167,Holly Springs 55,NC,35.639836,-78.835931,9.15,burrito:Chicken Burrito
4208,High Point South Main St,NC,35.92581,-79.986307,9.5,burrito:Chicken Burrito
4279,Southern Pines,NC,35.16501,-79.42139,9.2,burrito:Chicken Burrito
4283,Lenoir,NC,35.915784,-81.525122,8.95,burrito:Chicken Burrito
4301,Richlands Hwy,NC,34.755027,-77.460497,9.95,burrito:Chicken Burrito
4307,Cary South,NC,35.706738,-78.794539,9.5,burrito:Chicken Burrito
4344,Brevard Road,NC,35.528736,-82.606817,9.8,burrito:Chicken Burrito
4379,Battleground North,NC,36.120082,-79.842742,9.8,burrito:Chicken Burrito
4426,Peters Creek Pkwy,NC,36.04594,-80.259051,9.2,burrito:Chicken Burrito
4508,Park Rd,NC,35.17246,-80.851751,9.2,burrito:Chicken Burrito
4544,Porters Neck,NC,34.290718,-77.799477,9.8,burrito:Chicken Burrito
4606,Independence Idlewild,NC,35.184988,-80.760111,9.95,burrito:Chicken Burrito
4610,Clayton NC,NC,35.65761,-78.48108,9.65,burrito:Chicken Burrito
4809,Belmont NC,NC,35.244923,-81.042007,10.15,burrito:Chicken Burrito
4816,Wendell,NC,35.774581,-78.432938,9.65,burrito:Chicken Burrito
4835,Asheboro NC,NC,35.6981,-79.78742,9.2,burrito:Chicken Burrito
4860,Roanoke Rapids NC,NC,36.424148,-77.633236,10.15,burrito:Chicken Burrito
4967,Greensboro Gate City North,NC,36.041565,-79.842782,9.5,burrito:Chicken Burrito
5015,Fletcher NC Airport Road,NC,35.44317,-82.53502,9.8,burrito:Chicken Burrito
5058,S Concord NC Hwy 29,NC,35.36542,-80.66773,9.5,burrito:Chicken Burrito
5065,Leland Brunswick Forest,NC,34.201276,-78.048264,9.5,burrito:Chicken Burrito
5104,Hickory NC Hwy 321,NC,35.732545,-81.364257,9.95,burrito:Chicken Burrito
5105,Wilmington NC The Junction,NC,34.137917,-77.893448,9.5,burrito:Chicken Burrito
5137,Harrisburg Hwy 49,NC,35.32212,-80.64683,9.35,burrito:Chicken Burrito
5147,Hope Mills,NC,34.98054,-79.00736,9.65,burrito:Chicken Burrito
5170,Steele Creek,NC,35.16333,-80.96872,9.8,burrito:Chicken Burrito
5185,Greensboro Friendly Ave,NC,36.089185,-79.886169,9.35,burrito:Chicken Burrito
5208,Forest City NC,NC,35.341003,-81.899769,9.65,burrito:Chicken Burrito
5212,Fort Liberty,NC,35.12592,-79.02296,9.65,burrito:Chicken Burrito
5248,CLT Rivergate2,NC,35.101874,-80.986107,9.65,burrito:Chicken Burrito
5258,Elizabeth City NC2,NC,36.293264,-76.288646,10.15,burrito:Chicken Burrito
5260,Southeast Garner,NC,35.605072,-78.568664,9.5,burrito:Chicken Burrito
5371,Morehead City,NC,34.733745,-76.789328,9.95,burrito:Chicken Burrito
5397,Morganton NC,NC,35.716428,-81.695314,8.95,burrito:Chicken Burrito
5415,Clayton Flowers,NC,35.655095,-78.34094,9.95,burrito:Chicken Burrito
5421,Mallard Creek Church Charlotte,NC,35.33546,-80.75631,9.2,burrito:Chicken Burrito
5452,Winston Salem West,NC,36.120508,-80.368468,9.2,burrito:Chicken Burrito
5479,Hope Valley,NC,35.91759,-78.96033,8.95,burrito:Chicken Burrito
5534,Greenville West,NC,35.603441,-77.412587,8.75,burrito:Chicken Burrito
5616,Durham Highway 55 & 54,NC,35.90253,-78.89372,9.2,burrito:Chicken Burrito
5645,Olde Raleigh,NC,35.825451,-78.706958,9.15,burrito:Chicken Burrito
5707,Sanford NC,NC,35.44649,-79.12906,9.65,burrito:Chicken Burrito
5737,East Albemarle Road Charlotte,NC,35.224509,-80.6391,9.35,burrito:Chicken Burrito
5786,Durham Northwest Latta,NC,36.07999,-78.92991,9.5,burrito:Chicken Burrito
5839,Glenwood South,NC,35.78063,-78.64788,8.45,burrito:Chicken Burrito
5858,Capital Boulevard,NC,35.834409,-78.583486,9.35,burrito:Chicken Burrito
5945,Durham 9th Street,NC,36.009529,-78.92279,8.6,burrito:Chicken Burrito
5975,Shelby NC2,NC,35.27398,-81.51985,9.2,burrito:Chicken Burrito
6115,Ballantyne,NC,35.05564,-80.8516,9.35,burrito:Chicken Burrito
809,Chapel Hill,NC,35.911412,-79.059583,8.45,burrito:Chicken Burrito
826,Pleasant Valley,NC,35.860384,-78.707695,8.75,burrito:Chicken Burrito
851,Hanes Mall,NC,36.069426,-80.29796,8.6,burrito:Chicken Burrito
857,South End,NC,35.207437,-80.860255,8.6,burrito:Chicken Burrito
904,Wendover,NC,36.0558,-79.904135,9.35,burrito:Chicken Burrito
940,Battleground,NC,36.09148,-79.814204,9.95,burrito:Chicken Burrito
942,Falls of Neuse,NC,35.866116,-78.620049,9.35,burrito:Chicken Burrito
991,Cotswold,NC,35.170955,-80.807433,9.35,burrito:Chicken Burrito
994,Duke Medical,NC,36.009121,-78.944674,8.6,burrito:Chicken Burrito
2359,Fargo - Prairie Stone,ND,46.855349,-96.861426,9.15,burrito:Chicken Burrito
3415,NDSU,ND,46.904339,-96.796639,8.75,burrito:Chicken Burrito
4170,South Fargo,ND,46.83425,-96.8204,9.35,burrito:Chicken Burrito
5332,Fargo - 52nd Ave,ND,46.8033,-96.84735,9.2,burrito:Chicken Burrito
1651,Univ of Nebraska - Block 38,NE,40.815686,-96.702361,8.75,burrito:Chicken Burrito
2006,Lincoln O-Street,NE,40.813113,-96.64009,9.15,burrito:Chicken Burrito
2440,Settler Creek,NE,41.162401,-96.023306,9.65,burrito:Chicken Burrito
3335,Westroads,NE,41.266998,-96.073593,9.35,burrito:Chicken Burrito
3416,Omaha - Midtown,NE,41.261535,-95.979917,9.2,burrito:Chicken Burrito
3769,70th & Pioneers,NE,40.769142,-96.622677,8.95,burrito:Chicken Burrito
3809,Grand Island - State St,NE,40.938956,-98.382827,9.35,burrito:Chicken Burrito
3945,Elkhorn,NE,41.26584,-96.237002,9.5,burrito:Chicken Burrito
4123,Kearney,NE,40.723399,-99.083389,9.5,burrito:Chicken Burrito
4276,27th & Superior,NE,40.855819,-96.682604,9.35,burrito:Chicken Burrito
4474,Stony Brook,NE,41.196892,-96.139892,9.65,burrito:Chicken Burrito
450,West Maple,NE,41.291723,-96.142879,9.2,burrito:Chicken Burrito
4671,Fremont 23rd St,NE,41.450293,-96.452051,9.95,burrito:Chicken Burrito
4707,Gretna,NE,41.14738,-96.21195,10.35,burrito:Chicken Burrito
4778,Southport NE,NE,41.17975,-96.10454,9.95,burrito:Chicken Burrito
4779,Antler View,NE,41.291158,-96.204336,9.8,burrito:Chicken Burrito
5567,Norfolk,NE,42.020159,-97.434479,10.5,burrito:Chicken Burrito
6019,Columbus NE,NE,41.438839,-97.369202,9.5,burrito:Chicken Burrito
612,72nd Crossing,NE,41.258773,-96.023232,9.65,burrito:Chicken Burrito
666,Legacy West,NE,41.233649,-96.19198,9.35,burrito:Chicken Burrito
673,South Ridge,NE,40.739298,-96.679507,9.2,burrito:Chicken Burrito
707,Baker Square,NE,41.233724,-96.120335,9.65,burrito:Chicken Burrito
784,Wolf Creek,NE,41.157884,-95.934753,9.35,burrito:Chicken Burrito
1097,Newington,NH,43.09444,-70.798843,9.35,burrito:Chicken Burrito
1373,Daniel Webster Highway,NH,42.712315,-71.443691,9.95,burrito:Chicken Burrito
1473,Manchester NH,NH,42.963114,-71.441439,9.8,burrito:Chicken Burrito
1737,Nashua_Amherst Street,NH,42.782864,-71.505122,9.95,burrito:Chicken Burrito
1799,Bedford_NH,NH,42.956402,-71.478195,9.8,burrito:Chicken Burrito
2826,Concord Loudon Road,NH,43.22982,-71.482074,10.5,burrito:Chicken Burrito
2959,Keene NH,NH,42.925167,-72.289786,9.2,burrito:Chicken Burrito
3156,Dover NH,NH,43.215338,-70.880136,10.15,burrito:Chicken Burrito
3401,Portsmouth Rte 1,NH,43.034657,-70.783223,9.95,burrito:Chicken Burrito
3515,Salem NH,NH,42.770176,-71.22205,9.95,burrito:Chicken Burrito
3667,Stratham,NH,42.996077,-70.9245,9.95,burrito:Chicken Burrito
3761,North Conway,NH,44.021404,-71.115179,10.65,burrito:Chicken Burrito
5247,Claremont,NH,43.36335,-72.3157,9.2,burrito:Chicken Burrito
5434,Concord North,NH,43.28647,-71.57957,10.5,burrito:Chicken Burrito
1062,Paramus,NJ,40.919302,-74.064849,10.15,burrito:Chicken Burrito
1209,West Caldwell,NJ,40.850213,-74.294027,9.8,burrito:Chicken Burrito
1233,East Hanover NJ,NJ,40.803476,-74.362675,9.65,burrito:Chicken Burrito
1256,New Brunswick NJ Rutgers,NJ,40.496055,-74.443963,9.95,burrito:Chicken Burrito
1275,Union Springfield,NJ,40.687128,-74.31577,9.8,burrito:Chicken Burrito
1293,Monmouth Mall,NJ,40.289936,-74.052551,9.65,burrito:Chicken Burrito
1305,Menlo Park Mall 2,NJ,40.547867,-74.334464,9.8,burrito:Chicken Burrito
1319,Marlton,NJ,39.87752,-74.919336,9.8,burrito:Chicken Burrito
1332,Edgewater,NJ,40.806988,-73.990198,9.8,burrito:Chicken Burrito
1407,Cherry Hill NJ,NJ,39.92742,-75.031925,10.2,burrito:Chicken Burrito
1454,Brook 35,NJ,40.139538,-74.060942,10.35,burrito:Chicken Burrito
1471,Westfield NJ,NJ,40.65096,-74.349401,10.5,burrito:Chicken Burrito
1592,Freehold,NJ,40.24438,-74.299337,9.65,burrito:Chicken Burrito
1703,Englewood NJ,NJ,40.895324,-73.976161,10.35,burrito:Chicken Burrito
1706,Ramsey,NJ,41.070674,-74.139408,10.15,burrito:Chicken Burrito
1709,Deptford,NJ,39.840318,-75.092033,9.65,burrito:Chicken Burrito
1725,East Brunswick,NJ,40.43529,-74.390348,9.95,burrito:Chicken Burrito
1751,Princeton,NJ,40.311031,-74.66144,9.65,burrito:Chicken Burrito
1772,South Plainfield,NJ,40.554506,-74.431474,9.5,burrito:Chicken Burrito
1810,Rockaway Townsquare Mall,NJ,40.906883,-74.553241,9.8,burrito:Chicken Burrito
1823,Garden State Plaza,NJ,40.916331,-74.076981,10.8,burrito:Chicken Burrito
1893,Voorhees,NJ,39.853169,-74.982545,10.2,burrito:Chicken Burrito
1935,Hoboken NJ,NJ,40.739605,-74.030094,9.65,burrito:Chicken Burrito
1949,East Rutherford,NJ,40.831172,-74.089105,9.8,burrito:Chicken Burrito
1980,Turnersville,NJ,39.734516,-75.007887,9.65,burrito:Chicken Burrito
1999,Toms River NJ,NJ,39.984303,-74.180515,9.8,burrito:Chicken Burrito
2011,West Orange,NJ,40.803907,-74.248848,9.8,burrito:Chicken Burrito
2030,Madison NJ,NJ,40.760139,-74.416757,10.15,burrito:Chicken Burrito
2115,Mt. Laurel,NJ,39.969929,-74.914218,10.2,burrito:Chicken Burrito
2134,Montvale,NJ,41.0484,-74.0663,10.35,burrito:Chicken Burrito
2171,LODI NJ,NJ,40.891262,-74.072044,10.5,burrito:Chicken Burrito
2179,Newark NJ,NJ,40.734835,-74.170299,9.65,burrito:Chicken Burrito
2196,Route 22 Watchung,NJ,40.642992,-74.411518,10.8,burrito:Chicken Burrito
2255,New Providence,NJ,40.706449,-74.40458,9.5,burrito:Chicken Burrito
2256,Clark NJ,NJ,40.632739,-74.305283,9.95,burrito:Chicken Burrito
2335,Fort Lee,NJ,40.861221,-73.970488,10.35,burrito:Chicken Burrito
2394,Parsippany Troy Hills,NJ,40.86189,-74.387713,9.8,burrito:Chicken Burrito
2475,Basking Ridge,NJ,40.644172,-74.577208,9.8,burrito:Chicken Burrito
2480,Brick Plaza,NJ,40.059006,-74.142208,10.35,burrito:Chicken Burrito
2518,Mays Landing,NJ,39.451197,-74.637708,9.65,burrito:Chicken Burrito
2566,Holmdel,NJ,40.415183,-74.15862,9.8,burrito:Chicken Burrito
2569,Howell,NJ,40.13435,-74.223073,9.8,burrito:Chicken Burrito
2627,Jersey City Newport Tower,NJ,40.726784,-74.035263,9.5,burrito:Chicken Burrito
2680,Red Bank NJ,NJ,40.350742,-74.069902,10.2,burrito:Chicken Burrito
2761,Cinnaminson,NJ,39.987369,-75.011253,10.2,burrito:Chicken Burrito
2864,Morris Plains,NJ,40.844952,-74.467307,9.95,burrito:Chicken Burrito
2934,Chimney Rock,NJ,40.574,-74.5612,10.2,burrito:Chicken Burrito
2943,Closter,NJ,40.969988,-73.955088,9.65,burrito:Chicken Burrito
2961,Hackensack Commons,NJ,40.908779,-74.032069,10.5,burrito:Chicken Burrito
3030,Teterboro,NJ,40.861558,-74.062319,10.8,burrito:Chicken Burrito
3052,Springfield NJ,NJ,40.718625,-74.329505,9.8,burrito:Chicken Burrito
3071,Kearny,NJ,40.759513,-74.160434,11.15,burrito:Chicken Burrito
3086,Bloomfield,NJ,40.783362,-74.192425,10.35,burrito:Chicken Burrito
3107,Marlton Greentree,NJ,39.90622,-74.93662,10.2,burrito:Chicken Burrito
3131,WOODBRIDGE,NJ,40.536275,-74.296361,10.65,burrito:Chicken Burrito
3173,Hillsborough,NJ,40.498091,-74.644712,9.5,burrito:Chicken Burrito
3211,Metuchen,NJ,40.540868,-74.365858,9.65,burrito:Chicken Burrito
3228,Bernardsville,NJ,40.720187,-74.563005,9.8,burrito:Chicken Burrito
3290,East Gate,NJ,39.946398,-74.959013,10.2,burrito:Chicken Burrito
3291,Ellisburg Circle,NJ,39.913171,-75.009904,9.95,burrito:Chicken Burrito
3297,Journal Square,NJ,40.7312,-74.0645,10.65,burrito:Chicken Burrito
3324,Union NJ,NJ,40.682556,-74.234111,9.95,burrito:Chicken Burrito
3369,Edison NJ,NJ,40.516132,-74.373944,9.8,burrito:Chicken Burrito
3391,Ledgewood Commons,NJ,40.874315,-74.650184,10.15,burrito:Chicken Burrito
3400,Mercer Mall,NJ,40.295026,-74.684338,10.35,burrito:Chicken Burrito
3470,Paramus Rt 17,NJ,40.956847,-74.074862,10.65,burrito:Chicken Burrito
3474,Washington Township NJ,NJ,39.748098,-75.07583,9.65,burrito:Chicken Burrito
3519,Manahawkin,NJ,39.704048,-74.275577,10.8,burrito:Chicken Burrito
3589,Somers Point,NJ,39.329056,-74.594978,10.35,burrito:Chicken Burrito
3594,Chester NJ,NJ,40.779104,-74.695598,9.15,burrito:Chicken Burrito
3626,Glassboro,NJ,39.721118,-75.115195,9.35,burrito:Chicken Burrito
3672,Newton,NJ,41.064542,-74.74591,9.95,burrito:Chicken Burrito
3715,RIO GRANDE,NJ,39.01065,-74.86988,10.35,burrito:Chicken Burrito
3746,North Bergen,NJ,40.803222,-74.021318,9.8,burrito:Chicken Burrito
3763,Bellmawr,NJ,39.866835,-75.080053,9.95,burrito:Chicken Burrito
3765,East Windsor,NJ,40.27876,-74.530297,10.2,burrito:Chicken Burrito
3835,Egg Harbor,NJ,39.391376,-74.559689,10.35,burrito:Chicken Burrito
3852,Forked River,NJ,39.847453,-74.186416,10.35,burrito:Chicken Burrito
3893,Flemington,NJ,40.50063,-74.85544,9.95,burrito:Chicken Burrito
3923,Clementon,NJ,39.803026,-75.037305,9.95,burrito:Chicken Burrito
3950,Exchange Place,NJ,40.716918,-74.035255,9.65,burrito:Chicken Burrito
3991,Burlington NJ,NJ,40.054887,-74.844064,9.65,burrito:Chicken Burrito
4064,Hamilton NJ,NJ,40.197025,-74.638737,10.5,burrito:Chicken Burrito
4119,Mercerville,NJ,40.233381,-74.687722,10.65,burrito:Chicken Burrito
4120,Hillsdale,NJ,41.002371,-74.042737,10.65,burrito:Chicken Burrito
4199,Shrewsbury NJ,NJ,40.3139,-74.0662,10.2,burrito:Chicken Burrito
4223,Delran,NJ,40.02141,-74.94396,10.2,burrito:Chicken Burrito
4295,Route 37 Toms River,NJ,39.954138,-74.163373,10.2,burrito:Chicken Burrito
4297,Phillipsburg,NJ,40.67362,-75.13992,9.5,burrito:Chicken Burrito
4445,Bridgeton NJ,NJ,39.4631,-75.20602,9.35,burrito:Chicken Burrito
4472,Brooklawn NJ,NJ,39.877994,-75.11351,9.95,burrito:Chicken Burrito
4495,Cape May Courthouse,NJ,39.089012,-74.818865,10.35,burrito:Chicken Burrito
4549,Hamburg Turnpike,NJ,40.960172,-74.243403,10.15,burrito:Chicken Burrito
4575,Main Street North Brunswick,NJ,40.439376,-74.505012,9.95,burrito:Chicken Burrito
4577,Vineland,NJ,39.486709,-75.045244,9.35,burrito:Chicken Burrito
4601,Barrington NJ,NJ,39.872859,-75.045367,10.2,burrito:Chicken Burrito
4635,Old Bridge,NJ,40.420432,-74.304482,9.95,burrito:Chicken Burrito
4715,ITC Crossing,NJ,40.884543,-74.708679,10.35,burrito:Chicken Burrito
4745,Absecon,NJ,39.428481,-74.505977,10.35,burrito:Chicken Burrito
4929,Avenel,NJ,40.591187,-74.290276,9.95,burrito:Chicken Burrito
4943,Delsea Drive,NJ,39.430375,-75.040797,9.65,burrito:Chicken Burrito
4966,Larchmont Commons SC,NJ,39.971125,-74.875553,10.2,burrito:Chicken Burrito
5487,Rt 42 Turnersville,NJ,39.760772,-75.045702,9.95,burrito:Chicken Burrito
5532,Belleville NJ,NJ,40.788822,-74.17481,10.35,burrito:Chicken Burrito
5545,Hammonton NJ,NJ,39.646445,-74.786069,9.95,burrito:Chicken Burrito
747,Wayne Town Center,NJ,40.888695,-74.251974,9.8,burrito:Chicken Burrito
775,Secaucus,NJ,40.787561,-74.04581,9.5,burrito:Chicken Burrito
817,Mad River,NJ,40.8303,-74.13768,9.5,burrito:Chicken Burrito
867,Bridgewater Commons,NJ,40.582943,-74.614439,9.65,burrito:Chicken Burrito
969,North Brunswick,NJ,40.461415,-74.45718,9.8,burrito:Chicken Burrito
1698,Paseo del Norte,NM,35.174957,-106.574974,9.8,burrito:Chicken Burrito
1714,ABQ Uptown,NM,35.108872,-106.568504,9.15,burrito:Chicken Burrito
1919,Cottonwood,NM,35.204546,-106.649959,9.65,burrito:Chicken Burrito
2857,Clovis NM,NM,34.434396,-103.195928,9.5,burrito:Chicken Burrito
2920,Coors Blvd,NM,35.123209,-106.701283,9.5,burrito:Chicken Burrito
2952,UNM,NM,35.080594,-106.616873,9.5,burrito:Chicken Burrito
3091,Farmington,NM,36.767788,-108.147758,9.5,burrito:Chicken Burrito
3178,Las Cruces - Telshor,NM,32.314987,-106.738051,9.65,burrito:Chicken Burrito
3363,Santa Fe,NM,35.677816,-105.952881,9.65,burrito:Chicken Burrito
3597,San Mateo & Montgomery,NM,35.130585,-106.586862,9.8,burrito:Chicken Burrito
4188,Juan Tabo,NM,35.088667,-106.514546,9.5,burrito:Chicken Burrito
1118,The Cannery,NV,36.240089,-115.116196,9.65,burrito:Chicken Burrito
1138,The Arroyo,NV,36.06366,-115.252113,9.65,burrito:Chicken Burrito
1207,Ft. Apache,NV,36.144771,-115.297077,9.2,burrito:Chicken Burrito
1285,Sahara Pavilion,NV,36.143889,-115.207897,9.95,burrito:Chicken Burrito
1623,Fashion Show,NV,36.127437,-115.171639,10.95,burrito:Chicken Burrito
2146,Reno,NV,39.477472,-119.79302,9.95,burrito:Chicken Burrito
2197,Charleston Commons,NV,36.161908,-115.062329,9.95,burrito:Chicken Burrito
2218,McCarran,NV,36.085349,-115.119382,9.8,burrito:Chicken Burrito
2240,Venetian Grand Canal,NV,36.121244,-115.171349,10.8,burrito:Chicken Burrito
2305,Sparks Marina,NV,39.534118,-119.717792,9.65,burrito:Chicken Burrito
2307,Tropicana Beltway,NV,36.098833,-115.295744,9.8,burrito:Chicken Burrito
2345,Miracle Mile Shops,NV,36.110122,-115.17108,11.15,burrito:Chicken Burrito
2393,N Decatur and 215,NV,36.2729,-115.2064,9.5,burrito:Chicken Burrito
2402,Blue Diamond,NV,36.039671,-115.190601,9.65,burrito:Chicken Burrito
2431,Hughes Center,NV,36.115019,-115.155591,9.8,burrito:Chicken Burrito
2812,Mae Anne & N McCarran,NV,39.532391,-119.86559,9.2,burrito:Chicken Burrito
2883,North Las Vegas,NV,36.195468,-115.119124,9.8,burrito:Chicken Burrito
3009,Carson City,NV,39.154164,-119.76657,9.5,burrito:Chicken Burrito
3122,South Meadows,NV,39.439133,-119.759254,9.5,burrito:Chicken Burrito
320,Sunset Station,NV,36.063167,-115.043606,9.15,burrito:Chicken Burrito
328,Harrah,NV,36.119496,-115.169679,11.15,burrito:Chicken Burrito
3392,Boulder Hwy and Lake Mead,NV,36.041365,-114.979392,9.65,burrito:Chicken Burrito
3421,Sunset and Durango,NV,36.071384,-115.280078,9.5,burrito:Chicken Burrito
3494,Eastern Beltway,NV,36.02166,-115.117149,9.65,burrito:Chicken Burrito
3611,St. Rose & Amigo,NV,35.985846,-115.145473,9.5,burrito:Chicken Burrito
363,Maryland Parkway,NV,36.106855,-115.136432,8.75,burrito:Chicken Burrito
3636,Trails Village,NV,36.192942,-115.305604,9.5,burrito:Chicken Burrito
366,St. Rose,NV,36.003391,-115.110466,8.95,burrito:Chicken Burrito
3942,Keystone Commons,NV,39.528848,-119.827857,9.65,burrito:Chicken Burrito
3953,Craig and MLK,NV,36.239537,-115.169354,9.5,burrito:Chicken Burrito
3997,North Fifth Street,NV,36.283141,-115.133808,9.8,burrito:Chicken Burrito
407,Belz,NV,36.056051,-115.171578,9.2,burrito:Chicken Burrito
4209,Pahrump,NV,36.21175,-115.98987,9.65,burrito:Chicken Burrito
4607,Cactus & Schirlls,NV,35.999107,-115.197296,9.8,burrito:Chicken Burrito
4654,Falcon Ridge & I-15,NV,36.804564,-114.110083,10.35,burrito:Chicken Burrito
4685,Elko,NV,40.836632,-115.790181,9.5,burrito:Chicken Burrito
4824,Warm Springs & Eastern,NV,36.057726,-115.124282,10.15,burrito:Chicken Burrito
4841,South Reno,NV,39.407863,-119.749547,9.8,burrito:Chicken Burrito
4949,Buffalo & Grand Teton,NV,36.305836,-115.259445,9.95,burrito:Chicken Burrito
5044,Lamb & Azure,NV,36.27198,-115.08063,9.95,burrito:Chicken Burrito
5045,Decatur & Sunset,NV,36.0703,-115.207,9.5,burrito:Chicken Burrito
5166,Rancho & Lake Mead,NV,36.19844,-115.19455,9.65,burrito:Chicken Burrito
5355,Minden - NV,NV,38.9592,-119.77707,10.15,burrito:Chicken Burrito
718,Las Vegas Tech Center,NV,36.195524,-115.248116,9.35,burrito:Chicken Burrito
963,Montecito,NV,36.291122,-115.287369,9.65,burrito:Chicken Burrito
1122,Upper West Side,NY,40.778906,-73.98116,11.8,burrito:Chicken Burrito
1126,320 Park Ave,NY,40.757584,-73.974248,11.65,burrito:Chicken Burrito
1155,Latham Route 7,NY,42.755726,-73.775974,10.15,burrito:Chicken Burrito
1159,Huntington Station,NY,40.814802,-73.41115,10.15,burrito:Chicken Burrito
1178,25 West 45th Street,NY,40.75609,-73.980737,11.8,burrito:Chicken Burrito
1227,Tanger-Deer Park,NY,40.764668,-73.306534,9.95,burrito:Chicken Burrito
1237,Gramercy Park,NY,40.739853,-73.985148,11.5,burrito:Chicken Burrito
1255,274 Madison Avenue,NY,40.751304,-73.980609,11.8,burrito:Chicken Burrito
1263,Niskayuna,NY,42.773265,-73.894019,9.95,burrito:Chicken Burrito
1277,Chelsea West,NY,40.742012,-74.001121,11.8,burrito:Chicken Burrito
1278,Wilton,NY,43.103951,-73.74134,9.95,burrito:Chicken Burrito
1313,Henrietta,NY,43.087605,-77.62529,9.15,burrito:Chicken Burrito
1321,Garment Center,NY,40.75316,-73.988826,11.8,burrito:Chicken Burrito
1341,Fulton Street,NY,40.709726,-74.006437,11.5,burrito:Chicken Burrito
1348,Rye Brook,NY,41.003575,-73.683276,9.8,burrito:Chicken Burrito
1356,Amherst Niagara Falls Blvd,NY,42.99972,-78.819438,9.15,burrito:Chicken Burrito
1359,Union Square South,NY,40.734232,-73.98884,11.5,burrito:Chicken Burrito
1376,University of Rochester,NY,43.123427,-77.617732,9.35,burrito:Chicken Burrito
1386,Clifton Park,NY,42.860239,-73.780359,9.95,burrito:Chicken Burrito
1391,Wolf Road,NY,42.716033,-73.810012,9.65,burrito:Chicken Burrito
1393,Great Neck,NY,40.785549,-73.727394,10.15,burrito:Chicken Burrito
1394,Hunter College,NY,40.766668,-73.962605,11.5,burrito:Chicken Burrito
1432,Dewitt,NY,43.042929,-76.068459,9.2,burrito:Chicken Burrito
1435,Columbus Circle,NY,40.76602,-73.982912,11.5,burrito:Chicken Burrito
1475,Transit Road,NY,42.985652,-78.69753,9.35,burrito:Chicken Burrito
1479,Cheektowaga,NY,42.907543,-78.774256,9.35,burrito:Chicken Burrito
1496,Stuyvesant Plaza,NY,42.682875,-73.838574,9.2,burrito:Chicken Burrito
1526,Pittsford Plaza NY,NY,43.102146,-77.540144,10.15,burrito:Chicken Burrito
1531,56th & 6th,NY,40.763667,-73.977938,11.8,burrito:Chicken Burrito
1549,NOHO,NY,40.726042,-73.996472,11.65,burrito:Chicken Burrito
1562,Syracuse University,NY,43.041845,-76.135868,9.15,burrito:Chicken Burrito
1573,Mineola,NY,40.744779,-73.655976,9.95,burrito:Chicken Burrito
1574,Downtown White Plains,NY,41.033315,-73.764409,9.95,burrito:Chicken Burrito
1597,Soho East,NY,40.722602,-73.997529,11.65,burrito:Chicken Burrito
1630,Civic Center,NY,40.714498,-74.006234,11.5,burrito:Chicken Burrito
1631,Greenwich Village,NY,40.733578,-73.999878,11.8,burrito:Chicken Burrito
1634,Motor Parkway,NY,40.807293,-73.238103,9.8,burrito:Chicken Burrito
1658,Cross County S.C.,NY,40.926886,-73.853534,10.95,burrito:Chicken Burrito
1661,Ithaca,NY,42.429953,-76.50853,9.2,burrito:Chicken Burrito
1665,Lake Success,NY,40.758225,-73.689868,10.35,burrito:Chicken Burrito
1668,Hamburg Buffalo,NY,42.789439,-78.815,9.65,burrito:Chicken Burrito
1733,Greece,NY,43.202797,-77.651413,10.5,burrito:Chicken Burrito
1766,69th and 1st,NY,40.765974,-73.957107,11.95,burrito:Chicken Burrito
1777,Tonawanda,NY,42.98015,-78.86915,10.35,burrito:Chicken Burrito
1829,Kips Bay,NY,40.744106,-73.97594,11.8,burrito:Chicken Burrito
1836,Battery Park City,NY,40.710703,-74.016362,11.8,burrito:Chicken Burrito
1840,Syosset,NY,40.809887,-73.500386,9.95,burrito:Chicken Burrito
1854,Plattsburgh,NY,44.69448,-73.486789,9.8,burrito:Chicken Burrito
1869,Binghamton,NY,42.092832,-75.952797,9.2,burrito:Chicken Burrito
1879,Tribeca,NY,40.714991,-74.011105,11.5,burrito:Chicken Burrito
1895,Watertown_NY,NY,43.97848,-75.947266,10.65,burrito:Chicken Burrito
1904,Clay,NY,43.18404,-76.247989,9.95,burrito:Chicken Burrito
1915,Court Street,NY,40.689251,-73.992896,12.1,burrito:Chicken Burrito
1928,Broadway & 83rd,NY,40.786236,-73.977863,11.8,burrito:Chicken Burrito
1934,Roosevelt Field Mall,NY,40.739971,-73.613576,10.65,burrito:Chicken Burrito
1961,Queens Center,NY,40.734521,-73.870798,12.1,burrito:Chicken Burrito
1962,Madison Square Park,NY,40.744269,-73.987877,11.65,burrito:Chicken Burrito
1968,Columbia Presbyterian,NY,40.841512,-73.939878,12.1,burrito:Chicken Burrito
1987,Forest Hills Queens,NY,40.720314,-73.845939,11.95,burrito:Chicken Burrito
2010,Kingston,NY,41.966453,-73.989844,10.5,burrito:Chicken Burrito
2018,Middletown_NY,NY,41.453492,-74.381107,10.35,burrito:Chicken Burrito
2072,Palisades Center,NY,41.097879,-73.957833,10.5,burrito:Chicken Burrito
2089,Dobbs Ferry,NY,41.001973,-73.857727,10.35,burrito:Chicken Burrito
2090,Metrotech,NY,40.694401,-73.986034,11.8,burrito:Chicken Burrito
2123,28 W 40th Street,NY,40.7527,-73.9833,11.95,burrito:Chicken Burrito
2135,Bloomingdales,NY,40.762666,-73.966089,11.65,burrito:Chicken Burrito
2168,13th & 6th,NY,40.736472,-73.997166,11.65,burrito:Chicken Burrito
2182,New Hartford,NY,43.095363,-75.305808,10.35,burrito:Chicken Burrito
2190,Fordham,NY,40.860223,-73.890728,11.65,burrito:Chicken Burrito
2252,Lawrence NY,NY,40.617896,-73.731298,10.5,burrito:Chicken Burrito
2253,Bay Ridge,NY,40.622081,-74.026611,11.95,burrito:Chicken Burrito
2254,7th Ave Park Slope,NY,40.671143,-73.977664,12.1,burrito:Chicken Burrito
2273,Niagara Falls,NY,43.096925,-78.973837,10.35,burrito:Chicken Burrito
2291,New York Plaza,NY,40.702015,-74.01215,11.65,burrito:Chicken Burrito
2295,Oceanside LI,NY,40.634489,-73.639692,10.5,burrito:Chicken Burrito
2301,Valley Stream,NY,40.663271,-73.719247,10.15,burrito:Chicken Burrito
2308,Hylan Blvd,NY,40.568004,-74.111222,12.1,burrito:Chicken Burrito
2309,Riverdale,NY,40.884361,-73.899818,11.8,burrito:Chicken Burrito
2310,Merrick,NY,40.65564,-73.549797,10.35,burrito:Chicken Burrito
2312,Little Neck,NY,40.765265,-73.725261,10.5,burrito:Chicken Burrito
2326,Irondequoit,NY,43.198695,-77.577404,10.15,burrito:Chicken Burrito
2337,Selden,NY,40.867859,-73.025935,9.95,burrito:Chicken Burrito
2375,55th and 3rd,NY,40.75895,-73.968762,11.5,burrito:Chicken Burrito
2407,Kings Hwy,NY,40.608353,-73.959572,11.65,burrito:Chicken Burrito
2418,Jackson Heights,NY,40.755822,-73.880207,11.8,burrito:Chicken Burrito
2436,Webster Towne Center,NY,43.213518,-77.449563,10.35,burrito:Chicken Burrito
2476,Stuyvesant Town,NY,40.732991,-73.980992,11.8,burrito:Chicken Burrito
2484,Myrtle Avenue,NY,40.692934,-73.970141,11.95,burrito:Chicken Burrito
2494,Woodbury Commons,NY,41.317747,-74.125412,9.5,burrito:Chicken Burrito
2539,Smith Haven Plaza,NY,40.866515,-73.110711,10.35,burrito:Chicken Burrito
2540,Throggs Neck S.C.,NY,40.823586,-73.837404,11.65,burrito:Chicken Burrito
2568,Riverhead,NY,40.92577,-72.692128,10.65,burrito:Chicken Burrito
2570,Cropsey Avenue,NY,40.58329,-73.986764,11.65,burrito:Chicken Burrito
2581,Levittown,NY,40.725668,-73.49987,10.65,burrito:Chicken Burrito
2602,Columbus Square,NY,40.794969,-73.965744,11.95,burrito:Chicken Burrito
2659,Bay Plaza,NY,40.86923,-73.825875,11.95,burrito:Chicken Burrito
2689,Camillus,NY,43.047711,-76.237321,10.8,burrito:Chicken Burrito
2704,404 Broadway,NY,40.718766,-74.002147,11.5,burrito:Chicken Burrito
2760,Long Island City,NY,40.74724,-73.941628,11.8,burrito:Chicken Burrito
2765,Nesconset Highway,NY,40.828072,-73.201332,10.65,burrito:Chicken Burrito
2766,Nostrand Avenue,NY,40.632005,-73.947915,11.95,burrito:Chicken Burrito
2825,East Meadow,NY,40.724617,-73.550529,10.8,burrito:Chicken Burrito
2834,Rego Center,NY,40.733128,-73.86303,11.65,burrito:Chicken Burrito
2836,Wantagh,NY,40.694265,-73.508369,10.5,burrito:Chicken Burrito
2837,Victor Crossing,NY,43.019459,-77.438829,9.65,burrito:Chicken Burrito
2838,161st Street,NY,40.825455,-73.919076,12.1,burrito:Chicken Burrito
2879,347 Flatbush,NY,40.677245,-73.972122,11.95,burrito:Chicken Burrito
2895,Williamsburg NY,NY,40.71636,-73.96001,11.65,burrito:Chicken Burrito
2904,Fishkill,NY,41.528046,-73.894316,9.65,burrito:Chicken Burrito
2918,Staten Island Mall,NY,40.58188,-74.165865,12.1,burrito:Chicken Burrito
2956,Sayville,NY,40.764454,-73.09185,10.35,burrito:Chicken Burrito
2964,601 8th Avenue,NY,40.75566,-73.991358,11.8,burrito:Chicken Burrito
2967,Elmont,NY,40.708132,-73.707054,10.95,burrito:Chicken Burrito
2968,Queensbury,NY,43.332589,-73.675548,10.65,burrito:Chicken Burrito
2978,Port Jefferson,NY,40.91881,-73.040855,10.35,burrito:Chicken Burrito
3020,Jamaica Avenue,NY,40.703535,-73.798799,11.95,burrito:Chicken Burrito
3044,Howard Beach,NY,40.656944,-73.83996,12.1,burrito:Chicken Burrito
3051,Bay Shore,NY,40.736775,-73.247641,10.5,burrito:Chicken Burrito
3056,82nd Street Queens,NY,40.74662,-73.883492,11.8,burrito:Chicken Burrito
3063,White Plains Rte 119,NY,41.042959,-73.797262,10.95,burrito:Chicken Burrito
3064,Pelham Manor,NY,40.892511,-73.818514,11.65,burrito:Chicken Burrito
3188,Patchogue,NY,40.7778,-73.031907,10.35,burrito:Chicken Burrito
3216,125th Street,NY,40.807288,-73.945063,11.95,burrito:Chicken Burrito
3233,Bushwick,NY,40.69989,-73.941059,12.1,burrito:Chicken Burrito
3240,East Greenbush,NY,42.641537,-73.70131,9.95,burrito:Chicken Burrito
3265,Ralph Avenue,NY,40.626429,-73.916943,12.1,burrito:Chicken Burrito
3309,Fulton Street Mall,NY,40.689835,-73.983866,11.8,burrito:Chicken Burrito
3312,Steinway Street,NY,40.759379,-73.918315,11.8,burrito:Chicken Burrito
3317,Mt Kisco Route 117,NY,41.216179,-73.721603,10.5,burrito:Chicken Burrito
3323,East Northport NY,NY,40.839046,-73.315956,10.35,burrito:Chicken Burrito
3325,Lindenhurst,NY,40.701764,-73.378473,10.65,burrito:Chicken Burrito
3349,Commack,NY,40.811233,-73.294142,9.95,burrito:Chicken Burrito
3386,Williamsville,NY,42.963977,-78.740571,9.35,burrito:Chicken Burrito
3387,Nanuet,NY,41.097514,-74.012496,10.35,burrito:Chicken Burrito
3405,Albany New Scotland Ave,NY,42.654297,-73.773117,9.8,burrito:Chicken Burrito
3426,Westchester Square,NY,40.841407,-73.843824,12.1,burrito:Chicken Burrito
3467,Cortlandt Crossing,NY,41.315267,-73.869161,10.95,burrito:Chicken Burrito
3477,Washington Hts,NY,40.849592,-73.935878,11.95,burrito:Chicken Burrito
3478,Queens Place,NY,40.735686,-73.87485,11.95,burrito:Chicken Burrito
3483,Archer Avenue,NY,40.700725,-73.806434,12.1,burrito:Chicken Burrito
3524,Cicero NY,NY,43.154937,-76.122084,10.15,burrito:Chicken Burrito
3530,Lake Ronkonkoma,NY,40.831945,-73.088934,11.25,burrito:Chicken Burrito
3544,John Jay,NY,40.769756,-73.988492,11.65,burrito:Chicken Burrito
3545,Maspeth,NY,40.725698,-73.909447,12.1,burrito:Chicken Burrito
3549,Shirley,NY,40.800107,-72.869079,10.5,burrito:Chicken Burrito
3562,Hamilton Hts,NY,40.834343,-73.945099,11.95,burrito:Chicken Burrito
3563,Bensonhurst,NY,40.603254,-73.996469,11.65,burrito:Chicken Burrito
3584,E 170th & Jerome Avenue,NY,40.839717,-73.917593,12.1,burrito:Chicken Burrito
3587,Mamaroneck Centre,NY,40.956648,-73.736832,10.15,burrito:Chicken Burrito
3591,31st & Ditmars,NY,40.776119,-73.911298,11.8,burrito:Chicken Burrito
3622,Corona Queens,NY,40.750253,-73.869885,12.1,burrito:Chicken Burrito
3638,Glenmont,NY,42.601755,-73.794693,10.5,burrito:Chicken Burrito
3641,Empire State Relo,NY,40.74852,-73.9852,11.95,burrito:Chicken Burrito
3658,Poughkeepsie Hudson Heritage,NY,41.72775,-73.93166,9.8,burrito:Chicken Burrito
3700,Midway Shopping Center,NY,40.993003,-73.820923,10.65,burrito:Chicken Burrito
3706,White Plains Road,NY,40.8562,-73.867474,11.65,burrito:Chicken Burrito
3718,West Point-Highland Falls,NY,41.376284,-73.963022,10.65,burrito:Chicken Burrito
3741,Sunset Park,NY,40.651156,-74.007204,12.1,burrito:Chicken Burrito
3742,Flushing,NY,40.760348,-73.827981,11.95,burrito:Chicken Burrito
3803,Canandaigua,NY,42.878228,-77.258982,9.2,burrito:Chicken Burrito
3844,Perinton,NY,43.069614,-77.441093,10.65,burrito:Chicken Burrito
3860,Westbury,NY,40.749361,-73.579178,10.5,burrito:Chicken Burrito
3883,Amsterdam,NY,42.962673,-74.187023,10.15,burrito:Chicken Burrito
3887,Glenville,NY,42.866718,-73.933248,9.65,burrito:Chicken Burrito
3905,6502 18th Avenue,NY,40.619161,-73.990627,11.65,burrito:Chicken Burrito
3957,2902 Third Avenue,NY,40.816907,-73.915935,12.1,burrito:Chicken Burrito
3977,East Fordham Road,NY,40.861594,-73.893211,12.1,burrito:Chicken Burrito
4043,Penfield Empire Blvd,NY,43.188798,-77.503958,9.65,burrito:Chicken Burrito
4044,Fayetteville East Genesee St.,NY,43.033741,-76.017953,9.8,burrito:Chicken Burrito
4050,New Rochelle,NY,40.948604,-73.792398,10.35,burrito:Chicken Burrito
4063,Batavia,NY,43.016354,-78.203918,9.95,burrito:Chicken Burrito
4065,Southern Blvd,NY,40.82373,-73.891269,12.1,burrito:Chicken Burrito
4066,Kingsbridge,NY,40.878496,-73.904408,11.95,burrito:Chicken Burrito
4094,Deer Park,NY,40.758877,-73.327532,9.65,burrito:Chicken Burrito
4180,East Harlem,NY,40.798557,-73.940717,11.95,burrito:Chicken Burrito
4182,North Amherst,NY,43.03712,-78.82392,9.8,burrito:Chicken Burrito
4200,West 138th Street,NY,40.822211,-73.953161,11.65,burrito:Chicken Burrito
4318,Auburn NY,NY,42.956996,-76.542527,10.65,burrito:Chicken Burrito
4349,Atlantic Avenue,NY,40.677231,-73.932564,11.95,burrito:Chicken Burrito
4357,Johnson City NY,NY,42.124598,-75.973572,9.8,burrito:Chicken Burrito
436,Grand Central,NY,40.752158,-73.974026,11.65,burrito:Chicken Burrito
4422,Delaware Commons,NY,42.944864,-78.868209,10.5,burrito:Chicken Burrito
4425,Rochester Rockwood St,NY,43.144482,-77.549355,10.15,burrito:Chicken Burrito
4446,Islandia,NY,40.80171,-73.17618,10.65,burrito:Chicken Burrito
4459,Olean,NY,42.076748,-78.461659,9.95,burrito:Chicken Burrito
4491,1004 Flatbush,NY,40.646772,-73.958449,12.1,burrito:Chicken Burrito
4496,1190 Fulton,NY,40.680434,-73.952976,11.8,burrito:Chicken Burrito
4497,East New York,NY,40.658474,-73.889958,11.8,burrito:Chicken Burrito
4501,Utica Avenue,NY,40.669947,-73.931405,12.1,burrito:Chicken Burrito
4526,Broadway & 97th,NY,40.795288,-73.971718,11.8,burrito:Chicken Burrito
4578,Yorktown Heights,NY,41.292047,-73.823883,11.35,burrito:Chicken Burrito
4602,Jerome Avenue,NY,40.881209,-73.883083,11.95,burrito:Chicken Burrito
4636,Grand Concourse,NY,40.819096,-73.927409,12.1,burrito:Chicken Burrito
4637,Hutch Metro Center,NY,40.849546,-73.84263,11.8,burrito:Chicken Burrito
4652,Central Valley,NY,41.315769,-74.135302,9.5,burrito:Chicken Burrito
476,Bowling Green,NY,40.704225,-74.013027,11.8,burrito:Chicken Burrito
4762,Parkchester,NY,40.833659,-73.860448,11.95,burrito:Chicken Burrito
4801,Rochester City Gate,NY,43.112824,-77.615386,9.35,burrito:Chicken Burrito
4802,Brighton NY,NY,43.112524,-77.550491,10.35,burrito:Chicken Burrito
481,Wolf Twine,NY,40.741755,-73.993364,11.5,burrito:Chicken Burrito
482,Penn Plaza,NY,40.752378,-73.994305,11.5,burrito:Chicken Burrito
4831,Saratoga Springs,NY,43.074669,-73.788703,10.15,burrito:Chicken Burrito
4832,Hamburg Brierwood,NY,42.742134,-78.869362,9.65,burrito:Chicken Burrito
4872,Bedford Stuyvesant,NY,40.68654,-73.91707,11.95,burrito:Chicken Burrito
491,E. 52nd Street,NY,40.75728,-73.970612,11.65,burrito:Chicken Burrito
4939,Colonie,NY,42.724492,-73.839829,9.8,burrito:Chicken Burrito
4963,Prospect Park West,NY,40.66142,-73.97971,11.95,burrito:Chicken Burrito
4976,Bay Terrace,NY,40.780695,-73.776052,10.5,burrito:Chicken Burrito
4977,Sunnyside,NY,40.744142,-73.923535,11.8,burrito:Chicken Burrito
5059,219 Havemeyer,NY,40.709225,-73.958783,11.65,burrito:Chicken Burrito
5068,Pitkin Avenue,NY,40.669836,-73.911252,12.1,burrito:Chicken Burrito
5071,West 125th Street,NY,40.810933,-73.952178,11.95,burrito:Chicken Burrito
5099,Yonkers,NY,40.964852,-73.872681,10.5,burrito:Chicken Burrito
5102,Empire Blvd,NY,40.663788,-73.957638,12.1,burrito:Chicken Burrito
5196,Brunswick,NY,42.74364,-73.6447,10.35,burrito:Chicken Burrito
5227,Malta,NY,42.971548,-73.797988,10.35,burrito:Chicken Burrito
5335,Jamestown,NY,42.098038,-79.305503,9.65,burrito:Chicken Burrito
5360,600 Third Avenue,NY,40.74936,-73.975951,11.65,burrito:Chicken Burrito
5363,Tarrytown,NY,41.060797,-73.833316,10.65,burrito:Chicken Burrito
5375,Knickerbocker Avenue,NY,40.699645,-73.919314,11.95,burrito:Chicken Burrito
5382,Union Turnpike,NY,40.725992,-73.791505,11.95,burrito:Chicken Burrito
5447,Charleston Staten Island,NY,40.530914,-74.230938,10.95,burrito:Chicken Burrito
5458,Lancaster Williamsville,NY,42.95527,-78.69639,9.5,burrito:Chicken Burrito
5494,East Aurora,NY,42.76852,-78.62866,9.8,burrito:Chicken Burrito
5514,Linden Center,NY,40.671839,-73.856495,11.95,burrito:Chicken Burrito
5544,Ceasar Bay,NY,40.59511,-74.000178,11.65,burrito:Chicken Burrito
5559,Arlington Square,NY,41.698477,-73.879665,9.95,burrito:Chicken Burrito
5562,Gates,NY,43.13161,-77.68973,9.5,burrito:Chicken Burrito
5589,Henrietta Lehigh Station,NY,43.056978,-77.654305,9.2,burrito:Chicken Burrito
561,Montague Street,NY,40.694341,-73.991816,11.8,burrito:Chicken Burrito
5648,Long Beach NY,NY,40.58872,-73.658686,10.65,burrito:Chicken Burrito
5694,West Haverstraw NY,NY,41.207,-73.98455,10.95,burrito:Chicken Burrito
5695,Rome NY,NY,43.233203,-75.437539,10.35,burrito:Chicken Burrito
5710,Hudson Yards,NY,40.75388,-74.0,11.5,burrito:Chicken Burrito
5731,Hempstead,NY,40.706884,-73.630445,9.5,burrito:Chicken Burrito
5899,Corning NY,NY,42.153429,-77.078188,9.35,burrito:Chicken Burrito
590,NYU North,NY,40.731165,-73.993436,11.5,burrito:Chicken Burrito
632,Bryant Park,NY,40.753988,-73.981551,12.1,burrito:Chicken Burrito
642,Varick,NY,40.728236,-74.005126,11.95,burrito:Chicken Burrito
643,283 Seventh Avenue,NY,40.746042,-73.993967,11.5,burrito:Chicken Burrito
681,Clinton,NY,40.75958,-73.99167,11.65,burrito:Chicken Burrito
769,1221 6th Ave,NY,40.759402,-73.982615,11.95,burrito:Chicken Burrito
797,World Wide Plaza,NY,40.763097,-73.985312,11.5,burrito:Chicken Burrito
799,Hicksville,NY,40.774769,-73.526601,9.8,burrito:Chicken Burrito
816,Farmingdale,NY,40.726763,-73.423033,9.95,burrito:Chicken Burrito
854,Union Square North,NY,40.737346,-73.990045,11.65,burrito:Chicken Burrito
921,Columbia Univ,NY,40.80453,-73.966788,11.8,burrito:Chicken Burrito
949,Park Avenue South,NY,40.745453,-73.982831,11.5,burrito:Chicken Burrito
950,Maiden Lane,NY,40.706723,-74.00697,11.95,burrito:Chicken Burrito
979,Carle Place,NY,40.743426,-73.618029,10.35,burrito:Chicken Burrito
980,Uniondale,NY,40.717959,-73.592126,9.5,burrito:Chicken Burrito
1011,Indian Springs,OH,39.389981,-84.504327,9.15,burrito:Chicken Burrito
1012,Sylvania,OH,41.673053,-83.716357,9.15,burrito:Chicken Burrito
1053,Ohio University,OH,39.327956,-82.101542,8.45,burrito:Chicken Burrito
1065,Mentor Heisley,OH,41.676628,-81.310013,9.35,burrito:Chicken Burrito
1067,Finneytown,OH,39.219475,-84.518652,9.15,burrito:Chicken Burrito
1068,Holland,OH,41.612578,-83.701442,8.75,burrito:Chicken Burrito
1103,Evendale,OH,39.253254,-84.426266,8.95,burrito:Chicken Burrito
1115,Streetsboro,OH,41.251016,-81.363459,9.15,burrito:Chicken Burrito
1123,Powell,OH,40.156557,-83.090472,9.8,burrito:Chicken Burrito
1127,Wooster,OH,40.84967,-81.947159,9.65,burrito:Chicken Burrito
1151,Indian Ripple,OH,39.694858,-84.103369,10.35,burrito:Chicken Burrito
1152,Stow,OH,41.156113,-81.405807,8.75,burrito:Chicken Burrito
1165,Arlington Ridge,OH,40.982711,-81.493884,8.95,burrito:Chicken Burrito
1171,Huber Heights #2,OH,39.865701,-84.13854,9.95,burrito:Chicken Burrito
1192,Elyria-Midway Crossing,OH,41.397005,-82.106523,9.2,burrito:Chicken Burrito
1202,Bridgetown,OH,39.151516,-84.628302,9.5,burrito:Chicken Burrito
121,Eastgate,OH,41.524944,-81.4372,8.75,burrito:Chicken Burrito
1216,Hudson Station,OH,41.240241,-81.445389,9.15,burrito:Chicken Burrito
1222,Fountain Square OH,OH,39.101973,-84.512958,9.35,burrito:Chicken Burrito
1238,Stetson Square,OH,39.135092,-84.502779,8.6,burrito:Chicken Burrito
124,Hyde Park,OH,39.145323,-84.431855,8.95,burrito:Chicken Burrito
1242,Norwood,OH,39.157164,-84.457622,8.45,burrito:Chicken Burrito
1254,Jeffersonville,OH,39.618218,-83.603905,8.75,burrito:Chicken Burrito
126,U of Dayton,OH,39.741625,-84.182484,8.6,burrito:Chicken Burrito
1279,Chillicothe,OH,39.361621,-82.976921,9.35,burrito:Chicken Burrito
1280,Springboro,OH,39.563291,-84.265251,9.35,burrito:Chicken Burrito
1311,Miami-Oxford,OH,39.510312,-84.742634,8.45,burrito:Chicken Burrito
1351,Jungle Jim,OH,39.335861,-84.526835,9.15,burrito:Chicken Burrito
1365,Avon City Center,OH,41.458786,-82.01828,8.95,burrito:Chicken Burrito
1366,Far Hills,OH,39.684779,-84.168211,8.95,burrito:Chicken Burrito
1396,Harrison,OH,39.260609,-84.793431,9.65,burrito:Chicken Burrito
1397,21st Street Newark,OH,40.083489,-82.427203,9.15,burrito:Chicken Burrito
1398,Olentangy Plaza,OH,40.062661,-83.041207,9.15,burrito:Chicken Burrito
1400,Troy Pavilion,OH,40.056496,-84.243259,9.95,burrito:Chicken Burrito
1422,Marion,OH,40.580848,-83.083062,9.95,burrito:Chicken Burrito
1423,Wadsworth,OH,41.049712,-81.729649,9.35,burrito:Chicken Burrito
1457,Brunswick,OH,41.237845,-81.806825,9.65,burrito:Chicken Burrito
149,Brice & Tussing,OH,39.927975,-82.829851,9.35,burrito:Chicken Burrito
1503,Amelia,OH,39.047266,-84.24678,9.35,burrito:Chicken Burrito
1507,Amherst Lorain,OH,41.416945,-82.208387,9.8,burrito:Chicken Burrito
1513,Main & Applegrove,OH,40.892436,-81.405208,9.2,burrito:Chicken Burrito
152,Lakewood,OH,41.484839,-81.801136,8.75,burrito:Chicken Burrito
1530,Delaware Community Plaza,OH,40.268145,-83.071025,8.95,burrito:Chicken Burrito
1532,Kenwood Towne Centre,OH,39.202023,-84.377149,10.35,burrito:Chicken Burrito
1547,Sandusky Milan Road,OH,41.416369,-82.671562,10.15,burrito:Chicken Burrito
1553,Whitehall Town & Country,OH,39.974223,-82.898717,9.95,burrito:Chicken Burrito
1568,Canton Centre,OH,40.795677,-81.424735,9.35,burrito:Chicken Burrito
1609,New Albany,OH,40.093564,-82.823459,9.15,burrito:Chicken Burrito
1610,Kings Island,OH,39.356517,-84.259052,8.75,burrito:Chicken Burrito
1618,Marysville,OH,40.236781,-83.350109,9.15,burrito:Chicken Burrito
1627,Mt Union Alliance,OH,40.901415,-81.129039,9.65,burrito:Chicken Burrito
1638,Lima Elida Road,OH,40.770759,-84.164452,9.95,burrito:Chicken Burrito
1667,Cincinnati Premium Outlets,OH,39.440045,-84.330696,9.2,burrito:Chicken Burrito
1690,Morse Rd,OH,40.059775,-82.968979,9.2,burrito:Chicken Burrito
1695,Xenia,OH,39.689679,-83.962089,8.95,burrito:Chicken Burrito
1713,Canal Winchester,OH,39.854858,-82.825092,9.15,burrito:Chicken Burrito
1728,Mt Vernon,OH,40.399648,-82.459244,9.2,burrito:Chicken Burrito
1736,Franklin Park # 2,OH,41.693315,-83.645571,9.5,burrito:Chicken Burrito
1743,Uptown CWRU,OH,41.509752,-81.603895,8.95,burrito:Chicken Burrito
1762,Cedar Center,OH,41.501692,-81.53834,9.15,burrito:Chicken Burrito
1779,Austintown,OH,41.098545,-80.766099,9.8,burrito:Chicken Burrito
181,Arena District,OH,39.969545,-83.004066,9.15,burrito:Chicken Burrito
1811,Perrysburg,OH,41.548701,-83.600682,9.2,burrito:Chicken Burrito
1824,Englewood OH,OH,39.858352,-84.277631,9.15,burrito:Chicken Burrito
1835,Fairfax,OH,39.143092,-84.387301,8.95,burrito:Chicken Burrito
1838,Delhi,OH,39.093965,-84.616116,9.35,burrito:Chicken Burrito
1890,Gahanna,OH,40.019662,-82.866796,9.2,burrito:Chicken Burrito
1978,Kamms Corner,OH,41.450292,-81.814071,9.2,burrito:Chicken Burrito
1986,Downtown Cleveland,OH,41.499411,-81.691688,8.95,burrito:Chicken Burrito
1989,North Ridgeville,OH,41.386286,-81.974648,9.8,burrito:Chicken Burrito
2027,Twinsburg,OH,41.308069,-81.438997,9.15,burrito:Chicken Burrito
2087,Short North,OH,39.982811,-83.004472,9.5,burrito:Chicken Burrito
22,Blacklick Crossing,OH,39.980664,-82.82176,9.35,burrito:Chicken Burrito
2207,I-71 & Mansfield,OH,40.691468,-82.51254,9.65,burrito:Chicken Burrito
2244,University of Akron,OH,41.072904,-81.513441,8.6,burrito:Chicken Burrito
225,Westerville,OH,40.108926,-82.925771,9.8,burrito:Chicken Burrito
2281,Parma 2,OH,41.384207,-81.73832,9.35,burrito:Chicken Burrito
2348,Portage Crossing,OH,41.148172,-81.507624,9.15,burrito:Chicken Burrito
2383,St Clairsville,OH,40.071796,-80.866701,9.35,burrito:Chicken Burrito
2401,Austin Landing,OH,39.597056,-84.23142,9.5,burrito:Chicken Burrito
2454,Broadview Heights,OH,41.314096,-81.654757,8.75,burrito:Chicken Burrito
2527,Highland Heights,OH,41.539326,-81.453421,8.75,burrito:Chicken Burrito
2528,Pleasant Valley - OH,OH,41.361922,-81.685409,9.5,burrito:Chicken Burrito
256,Polaris,OH,40.143923,-82.989408,9.65,burrito:Chicken Burrito
2561,Eton,OH,41.462859,-81.480645,8.6,burrito:Chicken Burrito
2567,Lakeshore Blvd.,OH,41.609862,-81.525876,8.75,burrito:Chicken Burrito
2585,Tri County Relo,OH,39.289776,-84.466155,8.95,burrito:Chicken Burrito
2633,Brimfield,OH,41.099646,-81.385935,9.35,burrito:Chicken Burrito
2674,Liberty Township,OH,39.377833,-84.377698,9.5,burrito:Chicken Burrito
27,German Village,OH,39.952049,-82.998464,9.15,burrito:Chicken Burrito
2702,Dent,OH,39.190949,-84.656508,9.65,burrito:Chicken Burrito
2720,Colonel Glenn,OH,39.776151,-84.075405,8.95,burrito:Chicken Burrito
2777,Sidney,OH,40.287106,-84.18447,9.8,burrito:Chicken Burrito
2791,Ashland,OH,40.8608,-82.2708,8.75,burrito:Chicken Burrito
282,Fairlawn,OH,41.135409,-81.637787,8.45,burrito:Chicken Burrito
283,Beaver Creek,OH,39.770859,-84.053009,8.95,burrito:Chicken Burrito
2872,Massillon,OH,40.795738,-81.527338,9.35,burrito:Chicken Burrito
289,Western Hills,OH,39.131107,-84.610291,9.15,burrito:Chicken Burrito
29,Perimeter,OH,40.103998,-83.157364,9.15,burrito:Chicken Burrito
2912,Canfield,OH,41.025144,-80.735312,9.65,burrito:Chicken Burrito
2913,Circleville,OH,39.581716,-82.952244,9.95,burrito:Chicken Burrito
2927,Tiffin,OH,41.112488,-83.201608,8.45,burrito:Chicken Burrito
301,Chestnut Hill,OH,40.055933,-82.866233,8.95,burrito:Chicken Burrito
3061,New Philadelphia,OH,40.493079,-81.472435,9.15,burrito:Chicken Burrito
3073,Legacy Village Relo,OH,41.501434,-81.503974,8.6,burrito:Chicken Burrito
3084,Grove City South,OH,39.840741,-83.085835,9.15,burrito:Chicken Burrito
3097,W 117th,OH,41.487498,-81.767906,9.2,burrito:Chicken Burrito
3098,Loveland,OH,39.25131,-84.297108,8.6,burrito:Chicken Burrito
3108,Lane and High,OH,40.005474,-83.00885,8.6,burrito:Chicken Burrito
3144,Medina & I-71,OH,41.135712,-81.797782,8.6,burrito:Chicken Burrito
3171,Cortland OH,OH,41.276864,-80.773925,9.65,burrito:Chicken Burrito
318,Forest Park,OH,39.303063,-84.522788,9.2,burrito:Chicken Burrito
3186,Barberton,OH,41.010155,-81.589504,9.5,burrito:Chicken Burrito
3196,Pickerington,OH,39.915645,-82.780962,9.2,burrito:Chicken Burrito
3201,Obetz,OH,39.867936,-82.936637,8.75,burrito:Chicken Burrito
3272,Concord Township,OH,41.661348,-81.240686,8.95,burrito:Chicken Burrito
3274,Anderson Towne Center,OH,39.073042,-84.346289,9.35,burrito:Chicken Burrito
331,Centerville,OH,39.628827,-84.189247,9.35,burrito:Chicken Burrito
3310,West Bay Plaza,OH,41.463702,-81.952375,8.95,burrito:Chicken Burrito
3314,Crosswoods Relo,OH,40.117859,-83.010696,8.95,burrito:Chicken Burrito
3350,Oregon,OH,41.636388,-83.478429,8.95,burrito:Chicken Burrito
3380,Sunbury#2,OH,40.267355,-82.934174,9.8,burrito:Chicken Burrito
3390,Hamilton #2,OH,39.424126,-84.594984,8.95,burrito:Chicken Burrito
34,Grandview Heights,OH,39.988935,-83.041219,8.75,burrito:Chicken Burrito
3410,YSU,OH,41.103181,-80.647111,9.15,burrito:Chicken Burrito
3431,Beckett Ridge,OH,39.360205,-84.459634,9.5,burrito:Chicken Burrito
3439,Middletown-OH,OH,39.495963,-84.328846,9.2,burrito:Chicken Burrito
3441,Ravenna,OH,41.157616,-81.228214,9.35,burrito:Chicken Burrito
3444,Green Township,OH,40.958534,-81.462868,9.5,burrito:Chicken Burrito
3449,Springfield Township,OH,41.028263,-81.460997,9.2,burrito:Chicken Burrito
3491,Ashtabula,OH,41.877443,-80.75807,9.35,burrito:Chicken Burrito
3500,Painesville,OH,41.725022,-81.248413,9.15,burrito:Chicken Burrito
3507,Lincoln Village,OH,39.952327,-83.129431,9.65,burrito:Chicken Burrito
3514,Bellefontaine,OH,40.337433,-83.761348,9.5,burrito:Chicken Burrito
3533,Lancaster East,OH,39.713557,-82.577375,9.35,burrito:Chicken Burrito
355,N Olmsted,OH,41.418205,-81.916335,9.5,burrito:Chicken Burrito
3560,Cambridge & I-70,OH,39.994693,-81.575198,9.95,burrito:Chicken Burrito
3565,Salem - OH,OH,40.900679,-80.829772,9.5,burrito:Chicken Burrito
3566,Sheffield,OH,41.424517,-82.078073,9.35,burrito:Chicken Burrito
3633,South High,OH,39.888081,-82.997347,9.35,burrito:Chicken Burrito
3663,Cleveland Ave,OH,40.834292,-81.388086,9.65,burrito:Chicken Burrito
369,Solon,OH,41.385365,-81.440518,8.75,burrito:Chicken Burrito
3725,Aurora OH,OH,41.356843,-81.389561,9.65,burrito:Chicken Burrito
375,Tylersville,OH,39.35327,-84.361763,9.35,burrito:Chicken Burrito
3754,Groveport,OH,39.896011,-82.882435,9.8,burrito:Chicken Burrito
3780,Fremont OH,OH,41.3777,-83.1158,10.15,burrito:Chicken Burrito
3786,Defiance,OH,41.304614,-84.36127,9.35,burrito:Chicken Burrito
3821,Mentor Relo,OH,41.659139,-81.376991,8.95,burrito:Chicken Burrito
3824,Montgomery Crossing,OH,39.291297,-84.3012,9.8,burrito:Chicken Burrito
3828,Cleveland Heights,OH,41.501274,-81.59449,9.65,burrito:Chicken Burrito
385,Heath,OH,40.038378,-82.429925,9.2,burrito:Chicken Burrito
3850,Willowick,OH,41.639169,-81.474432,9.5,burrito:Chicken Burrito
3878,South Lebanon #2,OH,39.37847,-84.222102,10.15,burrito:Chicken Burrito
3907,130th & Pearl,OH,41.380021,-81.788187,9.2,burrito:Chicken Burrito
3915,Vandalia,OH,39.891878,-84.19549,9.8,burrito:Chicken Burrito
3959,Etna Township,OH,39.9522,-82.683382,9.15,burrito:Chicken Burrito
3976,South Hamilton,OH,39.38097,-84.549157,9.65,burrito:Chicken Burrito
3980,Findlay & I-75,OH,41.058023,-83.670918,9.15,burrito:Chicken Burrito
4006,Waterloo Road,OH,41.028602,-81.512372,9.65,burrito:Chicken Burrito
4007,North Canton,OH,40.87462,-81.36367,9.65,burrito:Chicken Burrito
4017,Moraine,OH,39.710034,-84.206025,9.15,burrito:Chicken Burrito
4032,Diley & 33,OH,39.844931,-82.781619,9.15,burrito:Chicken Burrito
4045,Alexis Road,OH,41.722811,-83.518159,9.15,burrito:Chicken Burrito
4077,Graham & Hudson,OH,41.163344,-81.477624,9.35,burrito:Chicken Burrito
4078,Downtown Shaker,OH,41.463484,-81.536585,9.15,burrito:Chicken Burrito
4104,Norton,OH,41.025054,-81.637934,9.5,burrito:Chicken Burrito
4125,Greenville - OH,OH,40.124425,-84.620744,9.95,burrito:Chicken Burrito
4127,Norwalk Ohio,OH,41.26842,-82.609269,9.65,burrito:Chicken Burrito
4176,3rd & Olentangy,OH,39.984497,-83.022673,9.35,burrito:Chicken Burrito
4177,Westlake,OH,41.470666,-81.900868,8.95,burrito:Chicken Burrito
4226,Oakley Station,OH,39.161847,-84.4203,9.35,burrito:Chicken Burrito
4234,Lincoln Way,OH,40.797693,-81.486157,9.35,burrito:Chicken Burrito
4252,Wilmington - OH,OH,39.45401,-83.78094,9.35,burrito:Chicken Burrito
4270,Berea,OH,41.372148,-81.867765,9.2,burrito:Chicken Burrito
4271,Zanesville I-70,OH,39.947642,-82.003286,9.95,burrito:Chicken Burrito
4281,Batavia - OH,OH,39.082105,-84.148552,9.5,burrito:Chicken Burrito
4322,I-80 & SR 46,OH,41.120548,-80.767938,9.8,burrito:Chicken Burrito
4346,SouthPark - R,OH,41.313537,-81.818606,9.65,burrito:Chicken Burrito
4355,Kent State - R,OH,41.154165,-81.349592,8.6,burrito:Chicken Burrito
4381,Limestone St,OH,39.89532,-83.811094,9.15,burrito:Chicken Burrito
4436,Belmont Ave,OH,41.156854,-80.665454,9.95,burrito:Chicken Burrito
4475,Johnstown Rd,OH,40.090292,-82.793773,9.15,burrito:Chicken Burrito
4476,Athens OH,OH,39.336522,-82.062361,8.75,burrito:Chicken Burrito
4493,Mt Washington,OH,39.095882,-84.386883,9.5,burrito:Chicken Burrito
4507,Monfort Heights,OH,39.188003,-84.603875,9.95,burrito:Chicken Burrito
4538,East Liverpool,OH,40.664257,-80.588883,9.8,burrito:Chicken Burrito
4556,Linden Avenue,OH,39.744497,-84.118881,9.35,burrito:Chicken Burrito
46,Easton,OH,40.04916,-82.913825,9.5,burrito:Chicken Burrito
4618,Fairborn,OH,39.785192,-83.997434,9.35,burrito:Chicken Burrito
4695,Maple Heights,OH,41.412378,-81.536786,9.15,burrito:Chicken Burrito
470,Rt. 23 North,OH,40.165003,-83.020761,9.35,burrito:Chicken Burrito
4720,Steelyard R,OH,41.457276,-81.690746,9.5,burrito:Chicken Burrito
4725,Center Ridge Rd,OH,41.395458,-82.002324,9.95,burrito:Chicken Burrito
4752,Chillicothe Western Ave,OH,39.33341,-83.014683,9.5,burrito:Chicken Burrito
4817,Parma Snow Rd,OH,41.405676,-81.692859,9.35,burrito:Chicken Burrito
4818,Spring Valley,OH,39.608288,-84.161179,9.5,burrito:Chicken Burrito
4820,Springfield Pike,OH,39.260721,-84.470109,9.15,burrito:Chicken Burrito
4870,Walnut Hills,OH,39.125795,-84.484182,8.75,burrito:Chicken Burrito
4886,Lebanon OH,OH,39.451866,-84.183044,10.35,burrito:Chicken Burrito
4887,Alex Bell,OH,39.671109,-84.22142,9.35,burrito:Chicken Burrito
489,Mansfield OH,OH,40.773204,-82.589849,9.15,burrito:Chicken Burrito
4945,Avon North,OH,41.46825,-81.98803,9.15,burrito:Chicken Burrito
4987,North Olmsted - Lorain & Clague,OH,41.43358,-81.881011,9.65,burrito:Chicken Burrito
4995,Royalton Road,OH,41.314031,-81.725841,9.2,burrito:Chicken Burrito
5048,Kyles Station,OH,39.42216,-84.459629,9.65,burrito:Chicken Burrito
5049,Wooster Beall Ave,OH,40.799957,-81.934204,9.5,burrito:Chicken Burrito
5082,Harding Highway,OH,40.729731,-84.070235,10.15,burrito:Chicken Burrito
5112,Glendale & Byrne,OH,41.6129,-83.62369,9.35,burrito:Chicken Burrito
5144,Granville OH,OH,40.062196,-82.520681,9.35,burrito:Chicken Burrito
5175,Mentor on the Lake,OH,41.70838,-81.361129,9.5,burrito:Chicken Burrito
5182,Marietta OH,OH,39.414649,-81.439245,9.2,burrito:Chicken Burrito
5188,Hartville OH,OH,40.968588,-81.349588,9.8,burrito:Chicken Burrito
526,Colerain,OH,39.2431,-84.594132,9.2,burrito:Chicken Burrito
530,Maxtown,OH,40.146288,-82.922796,8.95,burrito:Chicken Burrito
5317,Steubenville OH,OH,40.37071,-80.67184,9.8,burrito:Chicken Burrito
5320,Willoughby Hills,OH,41.584576,-81.482007,9.2,burrito:Chicken Burrito
5374,Brunswick - Pearl & Laurel,OH,41.22855,-81.841363,9.8,burrito:Chicken Burrito
538,Georgesville,OH,39.919867,-83.126363,9.2,burrito:Chicken Burrito
5402,Brooklyn OH - Ridge Park Square,OH,41.42535,-81.73621,9.65,burrito:Chicken Burrito
5409,Piqua,OH,40.152095,-84.221668,9.2,burrito:Chicken Burrito
5446,Chardon OH,OH,41.581277,-81.21061,9.2,burrito:Chicken Burrito
55,Bexley,OH,39.957379,-82.932422,8.45,burrito:Chicken Burrito
5527,Sharonville - R,OH,39.29656,-84.39127,8.6,burrito:Chicken Burrito
555,Hilliard Rome,OH,39.989194,-83.152182,9.8,burrito:Chicken Burrito
5552,Ohio City - West 25th Street,OH,41.485725,-81.704096,8.95,burrito:Chicken Burrito
559,Macedonia,OH,41.312515,-81.523093,9.5,burrito:Chicken Burrito
568,Glen Este,OH,39.092887,-84.263778,9.5,burrito:Chicken Burrito
5739,Geneva OH - SR 534 & Spire Drive,OH,41.77271,-80.945997,9.8,burrito:Chicken Burrito
5741,Perrysburg OH - Levis Commons,OH,41.523879,-83.638623,9.35,burrito:Chicken Burrito
577,Milford,OH,39.18742,-84.260014,9.95,burrito:Chicken Burrito
5788,Medina OH South,OH,41.114436,-81.864556,9.35,burrito:Chicken Burrito
5900,Milford Chamber Drive,OH,39.159977,-84.277702,9.95,burrito:Chicken Burrito
595,Taylor Square,OH,39.94068,-82.79108,9.8,burrito:Chicken Burrito
61,Kenwood,OH,39.204106,-84.368105,8.75,burrito:Chicken Burrito
62,U of Cincinnati,OH,39.128127,-84.519368,8.45,burrito:Chicken Burrito
626,Clintonville,OH,40.053901,-83.020202,9.35,burrito:Chicken Burrito
628,Tuttle Crossing,OH,40.076899,-83.131379,9.15,burrito:Chicken Burrito
639,Grove City,OH,39.878272,-83.042323,9.2,burrito:Chicken Burrito
672,Cornell,OH,39.27182,-84.376281,9.2,burrito:Chicken Burrito
723,Rocky River,OH,41.461396,-81.852967,8.6,burrito:Chicken Burrito
733,Little York,OH,39.845602,-84.1928,9.35,burrito:Chicken Burrito
735,Chagrin Highlands,OH,41.448202,-81.495887,9.2,burrito:Chicken Burrito
750,Lancaster,OH,39.731452,-82.61394,9.35,burrito:Chicken Burrito
751,Brooklyn (Tiedeman),OH,41.423149,-81.759351,9.65,burrito:Chicken Burrito
76,Sawmill & 161,OH,40.102112,-83.090516,8.95,burrito:Chicken Burrito
765,Euclid Avenue,OH,41.626806,-81.429633,8.75,burrito:Chicken Burrito
767,Dublin Granville,OH,40.08733,-82.965509,8.95,burrito:Chicken Burrito
78,Fields Ertl,OH,39.299562,-84.314295,9.15,burrito:Chicken Burrito
80,Rockside Corners,OH,41.396235,-81.641873,9.15,burrito:Chicken Burrito
807,Medina,OH,41.15056,-81.863833,9.35,burrito:Chicken Burrito
81,Strongsville,OH,41.306246,-81.83457,9.8,burrito:Chicken Burrito
810,Garfield Heights,OH,41.409464,-81.616331,9.35,burrito:Chicken Burrito
811,Union Centre #2,OH,39.32501,-84.430265,9.2,burrito:Chicken Burrito
82,Beechmont,OH,39.072193,-84.312245,9.65,burrito:Chicken Burrito
83,Ohio State University,OH,39.997527,-83.007382,8.6,burrito:Chicken Burrito
832,Middleburg Hts.,OH,41.371515,-81.826474,8.95,burrito:Chicken Burrito
84,Kingsdale,OH,40.020483,-83.060454,9.15,burrito:Chicken Burrito
868,Niles,OH,41.217559,-80.74124,9.8,burrito:Chicken Burrito
869,Belden Village # 2,OH,40.855239,-81.432933,8.95,burrito:Chicken Burrito
872,Bellbrook,OH,39.652227,-84.109395,9.35,burrito:Chicken Burrito
873,Zanesville,OH,39.989205,-82.023678,9.8,burrito:Chicken Burrito
878,BGSU,OH,41.373966,-83.624628,8.75,burrito:Chicken Burrito
882,Bechtle Ave,OH,39.951231,-83.83,9.35,burrito:Chicken Burrito
900,Maumee,OH,41.578844,-83.66412,9.35,burrito:Chicken Burrito
917,Cuyahoga Falls,OH,41.11958,-81.479412,9.35,burrito:Chicken Burrito
933,Westgate,OH,41.676601,-83.623213,8.95,burrito:Chicken Burrito
947,Mill Run,OH,40.029622,-83.116149,9.35,burrito:Chicken Burrito
951,Highland Square,OH,41.097023,-81.543809,9.65,burrito:Chicken Burrito
968,Boardman,OH,41.023823,-80.643508,9.35,burrito:Chicken Burrito
982,Findlay,OH,41.05554,-83.591011,9.2,burrito:Chicken Burrito
1044,E Woodland Hills,OK,36.060394,-95.854485,9.15,burrito:Chicken Burrito
1052,Edmond,OK,35.637526,-97.484247,9.8,burrito:Chicken Burrito
1161,OSU-Stillwater,OK,36.12648,-97.053361,8.75,burrito:Chicken Burrito
1232,Northwest Expressway,OK,35.531194,-97.57533,9.8,burrito:Chicken Burrito
1336,Cherry Street 2,OK,36.140823,-95.968597,9.5,burrito:Chicken Burrito
1383,University of Oklahoma,OK,35.211777,-97.44335,8.75,burrito:Chicken Burrito
1951,I-35 & Robinson,OK,35.238637,-97.481421,9.65,burrito:Chicken Burrito
2141,Tulsa Promenade,OK,36.104015,-95.911355,9.35,burrito:Chicken Burrito
2155,61st & Yale,OK,36.075732,-95.922722,9.5,burrito:Chicken Burrito
2169,Quail Springs,OK,35.614872,-97.550088,9.95,burrito:Chicken Burrito
2874,Moore,OK,35.320069,-97.498876,9.8,burrito:Chicken Burrito
3121,South Memorial,OK,36.013306,-95.887085,9.35,burrito:Chicken Burrito
3684,Broken Arrow,OK,36.06175,-95.78203,9.15,burrito:Chicken Burrito
4205,Owasso II,OK,36.292598,-95.846688,9.8,burrito:Chicken Burrito
4675,Broken Arrow South,OK,35.997876,-95.815267,9.95,burrito:Chicken Burrito
4956,Tulsa Hills II,OK,36.05283,-96.00438,9.8,burrito:Chicken Burrito
5204,41st & Garnett,OK,36.104844,-95.854533,9.35,burrito:Chicken Burrito
5671,Midwest City OK,OK,35.435807,-97.395815,9.95,burrito:Chicken Burrito
5723,Norman South,OK,35.18014,-97.41649,9.15,burrito:Chicken Burrito
1236,Toronto Life Square,ON,43.656861,-79.380962,12.45,burrito:Chicken Burrito
1468,Midtown Toronto,ON,43.708197,-79.398366,12.45,burrito:Chicken Burrito
1750,Yorkdale Mall,ON,43.72602,-79.45182,12.7,burrito:Chicken Burrito
1776,123 Front Street,ON,43.64499,-79.383388,12.45,burrito:Chicken Burrito
2142,Don Mills,ON,43.735191,-79.343997,12.7,burrito:Chicken Burrito
2143,Square One Food Court,ON,43.59348,-79.642438,12.7,burrito:Chicken Burrito
2283,Sherway Gardens FC,ON,43.613328,-79.558702,12.7,burrito:Chicken Burrito
2288,Stockyards,ON,43.672411,-79.469106,12.7,burrito:Chicken Burrito
2614,Vaughan Mills,ON,43.825596,-79.538825,12.7,burrito:Chicken Burrito
2719,Dixie and Eglinton,ON,43.637412,-79.622315,12.7,burrito:Chicken Burrito
2815,Winston Churchill,ON,43.516897,-79.687221,12.45,burrito:Chicken Burrito
2922,London North,ON,43.02748,-81.280747,12.45,burrito:Chicken Burrito
2933,Vaughan North,ON,43.850386,-79.532816,12.45,burrito:Chicken Burrito
2953,Scarborough Town Centre,ON,43.775092,-79.257401,12.7,burrito:Chicken Burrito
2986,Queen and John,ON,43.649566,-79.391697,12.7,burrito:Chicken Burrito
3022,Rideau Centre,ON,45.425428,-75.693098,12.7,burrito:Chicken Burrito
3100,Woodbine and 7,ON,43.85256,-79.359102,12.7,burrito:Chicken Burrito
3861,Bloor St E,ON,43.670547,-79.383884,12.7,burrito:Chicken Burrito
3900,4 King West,ON,43.64927,-79.378423,12.7,burrito:Chicken Burrito
3932,North York,ON,43.765935,-79.412398,12.45,burrito:Chicken Burrito
4051,Britannia,ON,43.581214,-79.73633,12.7,burrito:Chicken Burrito
4083,Liberty Village,ON,43.639821,-79.420461,12.7,burrito:Chicken Burrito
4129,University Dundas,ON,43.65626,-79.388222,12.7,burrito:Chicken Burrito
4449,Ancaster,ON,43.230495,-79.944784,12.7,burrito:Chicken Burrito
4644,York University,ON,43.770474,-79.50024,12.7,burrito:Chicken Burrito
4733,Leaside,ON,43.706777,-79.361699,12.7,burrito:Chicken Burrito
5029,Erin Mills,ON,43.550043,-79.717106,12.7,burrito:Chicken Burrito
5190,Markville,ON,43.86727,-79.28479,12.7,burrito:Chicken Burrito
5249,Guelph,ON,43.521711,-80.235385,12.7,burrito:Chicken Burrito
5267,Hazeldean,ON,45.284396,-75.91025,12.7,burrito:Chicken Burrito
5283,Wonderland,ON,42.929969,-81.279415,12.7,burrito:Chicken Burrito
5322,Orleans,ON,45.4557,-75.502601,12.7,burrito:Chicken Burrito
5323,Charlie Condo,ON,43.645926,-79.393998,12.7,burrito:Chicken Burrito
5400,Hurontario,ON,43.607385,-79.653608,12.7,burrito:Chicken Burrito
5481,Barrie Cundles,ON,44.415674,-79.673615,12.7,burrito:Chicken Burrito
5508,Danforth Village,ON,43.690792,-79.29027,12.7,burrito:Chicken Burrito
5518,Yonge and St Clair,ON,43.687327,-79.393403,12.7,burrito:Chicken Burrito
5622,Burlington Centre,ON,43.348552,-79.793375,12.7,burrito:Chicken Burrito
5641,Barrhaven,ON,45.274224,-75.719222,12.7,burrito:Chicken Burrito
5679,Burlington North,ON,43.40547,-79.808013,12.7,burrito:Chicken Burrito
5687,Whitby,ON,43.91868,-78.947338,12.7,burrito:Chicken Burrito
5699,Glebe,ON,45.399664,-75.684327,12.7,burrito:Chicken Burrito
5747,Conestoga Mall,ON,43.500768,-80.532157,12.7,burrito:Chicken Burrito
5760,Abbey Centre,ON,43.450789,-79.702391,12.7,burrito:Chicken Burrito
5821,Waterloo Commons,ON,43.445941,-80.572169,12.7,burrito:Chicken Burrito
5962,Pickering,ON,43.836771,-79.088154,12.7,burrito:Chicken Burrito
6150,Rexdale,ON,43.71313,-79.55787,12.45,burrito:Chicken Burrito
1015,Nyberg Woods,OR,45.383011,-122.748199,9.2,burrito:Chicken Burrito
1199,Corvallis OSU,OR,44.569048,-123.279146,9.15,burrito:Chicken Burrito
1213,Lancaster Mall Salem,OR,44.941878,-122.982656,9.65,burrito:Chicken Burrito
1304,Coburg Station,OR,44.067703,-123.072391,9.8,burrito:Chicken Burrito
1358,Pearl District,OR,45.530416,-122.683916,9.5,burrito:Chicken Burrito
1362,Clackamas Town Center,OR,45.435528,-122.578969,9.65,burrito:Chicken Burrito
1645,Kruse Way,OR,45.420441,-122.739151,9.8,burrito:Chicken Burrito
1898,Gresham,OR,45.499779,-122.411024,9.5,burrito:Chicken Burrito
2184,Portland Cascade Station,OR,45.575423,-122.564101,10.5,burrito:Chicken Burrito
2333,Sherwood,OR,45.365505,-122.835672,9.65,burrito:Chicken Burrito
2366,Keizer Station,OR,45.011113,-122.996269,10.35,burrito:Chicken Burrito
2423,Wilsonville,OR,45.303293,-122.766396,8.95,burrito:Chicken Burrito
2587,Bend,OR,44.055159,-121.3034,9.95,burrito:Chicken Burrito
2594,University of Oregon,OR,44.04473,-123.073896,8.95,burrito:Chicken Burrito
2686,Cedar Mill,OR,45.527546,-122.815506,9.2,burrito:Chicken Burrito
2700,West Hillsboro,OR,45.532982,-122.935108,9.8,burrito:Chicken Burrito
2716,Murray Scholls Center,OR,45.438467,-122.828509,9.15,burrito:Chicken Burrito
2858,South Salem,OR,44.899967,-123.039413,9.95,burrito:Chicken Burrito
2862,Happy Valley Crossroads,OR,45.4269,-122.4882,9.2,burrito:Chicken Burrito
2868,Gateway Mall,OR,44.073415,-123.043112,9.5,burrito:Chicken Burrito
2869,Woodburn,OR,45.151874,-122.885217,9.8,burrito:Chicken Burrito
3195,South Medford,OR,42.309172,-122.851621,9.65,burrito:Chicken Burrito
3420,McMinnville,OR,45.228898,-123.170845,9.65,burrito:Chicken Burrito
3455,Albany OR,OR,44.628992,-123.080838,9.65,burrito:Chicken Burrito
3486,North Bend,OR,44.102446,-121.298058,10.15,burrito:Chicken Burrito
3737,Raleigh Hills,OR,45.487028,-122.773661,9.15,burrito:Chicken Burrito
3830,SE 36th & Powell,OR,45.496484,-122.626761,9.65,burrito:Chicken Burrito
3904,Newberg,OR,45.306648,-122.947426,9.8,burrito:Chicken Burrito
4026,Warrenton OR II,OR,46.16214,-123.89793,9.65,burrito:Chicken Burrito
4153,122nd & Halsey,OR,45.53383,-122.538973,10.5,burrito:Chicken Burrito
4219,TV Highway - Hillsboro,OR,45.49804,-122.90175,9.8,burrito:Chicken Burrito
4231,North Medford RELO,OR,42.345905,-122.883942,9.8,burrito:Chicken Burrito
4244,Concord & Hwy 99E,OR,45.409149,-122.627394,9.8,burrito:Chicken Burrito
4320,West Salem,OR,44.949799,-123.051079,10.15,burrito:Chicken Burrito
437,Director Building,OR,45.517295,-122.67568,9.35,burrito:Chicken Burrito
4373,Garden Valley Blvd. & Stewart Parkway,OR,43.232666,-123.372444,9.5,burrito:Chicken Burrito
440,Lloyd District,OR,45.534062,-122.658272,9.35,burrito:Chicken Burrito
4553,Wood Village,OR,45.528712,-122.427746,10.15,burrito:Chicken Burrito
4587,Tigard Town Square,OR,45.402986,-122.794573,9.5,burrito:Chicken Burrito
4617,N. Hillsboro,OR,45.558245,-122.925711,9.95,burrito:Chicken Burrito
4736,Ontario - OR,OR,44.02518,-116.940824,9.2,burrito:Chicken Burrito
4741,Klamath Falls,OR,42.211603,-121.758685,9.95,burrito:Chicken Burrito
4742,Lebanon - OR,OR,44.521227,-122.905248,10.35,burrito:Chicken Burrito
4866,S. Eugene,OR,44.027687,-123.091011,9.35,burrito:Chicken Burrito
4934,5th & Circle - Corvallis,OR,44.588538,-123.251087,9.35,burrito:Chicken Burrito
4969,Canby - OR,OR,45.259781,-122.69778,9.35,burrito:Chicken Burrito
5033,Redmond - OR,OR,44.265079,-121.177903,9.95,burrito:Chicken Burrito
5063,Mall 205 Gateway,OR,45.518126,-122.559772,9.65,burrito:Chicken Burrito
512,Beaverton,OR,45.495198,-122.808846,8.95,burrito:Chicken Burrito
5218,Cornelius - OR,OR,45.520649,-123.037977,9.95,burrito:Chicken Burrito
5313,Sandy - OR,OR,45.404449,-122.291642,9.5,burrito:Chicken Burrito
5316,Hermiston - OR,OR,45.85644,-119.29064,10.15,burrito:Chicken Burrito
5565,Pendleton,OR,45.668026,-118.803662,10.15,burrito:Chicken Burrito
5592,Ashland OR,OR,42.185645,-122.670895,9.8,burrito:Chicken Burrito
5607,Grants Pass - OR,OR,42.438565,-123.312653,9.95,burrito:Chicken Burrito
619,Hillsboro,OR,45.534839,-122.87732,9.2,burrito:Chicken Burrito
701,Portland State,OR,45.509521,-122.68443,8.95,burrito:Chicken Burrito
846,Washington Square,OR,45.454356,-122.77552,9.35,burrito:Chicken Burrito
1045,Bala Cynwyd,PA,40.007464,-75.212216,9.65,burrito:Chicken Burrito
1060,Airport Square,PA,40.240686,-75.241896,10.35,burrito:Chicken Burrito
1089,Century III,PA,40.333354,-79.945873,9.35,burrito:Chicken Burrito
1125,Ardmore Main Line,PA,40.009645,-75.293602,9.65,burrito:Chicken Burrito
1146,Baum & Millvale,PA,40.454233,-79.947419,9.35,burrito:Chicken Burrito
1198,Turner Square,PA,39.969312,-75.587546,9.65,burrito:Chicken Burrito
1201,Willow Grove,PA,40.143644,-75.121712,9.8,burrito:Chicken Burrito
1210,Lincoln Place,PA,40.304414,-79.579652,8.75,burrito:Chicken Burrito
1214,UPenn,PA,39.954087,-75.200753,9.35,burrito:Chicken Burrito
1264,McKnight,PA,40.529063,-80.008719,9.35,burrito:Chicken Burrito
1281,Cranberry Township,PA,40.675762,-80.098332,8.95,burrito:Chicken Burrito
1325,York,PA,39.983044,-76.668837,10.15,burrito:Chicken Burrito
1329,Penn State Univ,PA,40.79689,-77.857157,8.75,burrito:Chicken Burrito
1340,Harrisburg,PA,40.312466,-76.802003,9.95,burrito:Chicken Burrito
1417,Wayne PA,PA,40.044341,-75.379272,10.15,burrito:Chicken Burrito
1480,Rittenhouse Square,PA,39.949496,-75.166664,9.65,burrito:Chicken Burrito
1504,Erie Peach Street,PA,42.058019,-80.09017,9.2,burrito:Chicken Burrito
1514,Neshaminy,PA,40.137362,-74.964624,10.15,burrito:Chicken Burrito
1533,Market Square,PA,40.440623,-80.001911,8.75,burrito:Chicken Burrito
1546,Reading,PA,40.357379,-75.983429,9.5,burrito:Chicken Burrito
1550,Exton,PA,40.032681,-75.630349,9.8,burrito:Chicken Burrito
1629,Logan Town Center Altoona,PA,40.488606,-78.386709,8.95,burrito:Chicken Burrito
1752,12th & Walnut,PA,39.948786,-75.160683,10.5,burrito:Chicken Burrito
1774,Hermitage Sharon PA,PA,41.234823,-80.450275,9.35,burrito:Chicken Burrito
1794,Lehigh Valley,PA,40.629985,-75.480292,10.15,burrito:Chicken Burrito
1803,Cochran Road,PA,40.391647,-80.059893,9.5,burrito:Chicken Burrito
1813,Camp Hill,PA,40.238471,-76.935378,10.35,burrito:Chicken Burrito
1862,Havertown,PA,39.966892,-75.301307,9.8,burrito:Chicken Burrito
1884,Peters Township,PA,40.274053,-80.127251,9.35,burrito:Chicken Burrito
1896,South Hills,PA,40.347907,-80.054165,9.65,burrito:Chicken Burrito
1938,Cottman Avenue,PA,40.047823,-75.058301,10.15,burrito:Chicken Burrito
1939,Chambersburg,PA,39.940763,-77.628605,10.15,burrito:Chicken Burrito
1940,South York,PA,39.939665,-76.693203,10.15,burrito:Chicken Burrito
2013,Temple University,PA,39.979579,-75.153661,9.5,burrito:Chicken Burrito
2102,Central Lancaster,PA,40.077067,-76.325595,10.5,burrito:Chicken Burrito
2103,Hershey,PA,40.283716,-76.654587,10.35,burrito:Chicken Burrito
2126,Eastside,PA,40.459291,-79.925873,8.95,burrito:Chicken Burrito
2127,Monroeville,PA,40.439153,-79.76693,9.15,burrito:Chicken Burrito
2148,Wexford,PA,40.622987,-80.054301,9.2,burrito:Chicken Burrito
2177,KOP Pad,PA,40.088346,-75.382726,10.5,burrito:Chicken Burrito
2193,Hanover,PA,39.82923,-76.998084,10.15,burrito:Chicken Burrito
2223,Springfield PA,PA,39.916446,-75.333776,10.5,burrito:Chicken Burrito
2226,Mechanicsburg,PA,40.246065,-77.014393,10.35,burrito:Chicken Burrito
2231,Abington,PA,40.123367,-75.115874,9.8,burrito:Chicken Burrito
2234,Dickson City,PA,41.465434,-75.637444,10.8,burrito:Chicken Burrito
2268,McCandless Towne Center,PA,40.568784,-80.023275,8.6,burrito:Chicken Burrito
2300,Doylestown,PA,40.323482,-75.130139,10.15,burrito:Chicken Burrito
2311,Bethlehem PA,PA,40.639636,-75.434827,9.8,burrito:Chicken Burrito
2347,Bridgeville,PA,40.354118,-80.114269,9.15,burrito:Chicken Burrito
2404,Shrewsbury PA,PA,39.769788,-76.67238,10.15,burrito:Chicken Burrito
2405,Gateway Wayne,PA,40.073973,-75.431954,9.8,burrito:Chicken Burrito
2410,Carnegie Mellon,PA,40.444635,-79.948109,8.45,burrito:Chicken Burrito
2421,West Erie,PA,42.105396,-80.131654,9.5,burrito:Chicken Burrito
2432,Cedar Crest,PA,40.597143,-75.526976,10.35,burrito:Chicken Burrito
2433,Wilkes Barre,PA,41.243443,-75.842892,10.35,burrito:Chicken Burrito
2486,Union Deposit,PA,40.276972,-76.8251,9.95,burrito:Chicken Burrito
2496,Concordville,PA,39.875317,-75.544116,10.35,burrito:Chicken Burrito
2498,Lewisburg,PA,40.98148,-76.884397,9.35,burrito:Chicken Burrito
2499,Indiana PA,PA,40.613064,-79.174538,8.6,burrito:Chicken Burrito
2522,Carlisle,PA,40.190021,-77.192474,9.8,burrito:Chicken Burrito
2571,Fort Washington,PA,40.14361,-75.168796,9.95,burrito:Chicken Burrito
2643,Drexel University,PA,39.957221,-75.191371,9.35,burrito:Chicken Burrito
2655,Fox Chapel,PA,40.487999,-79.885476,9.15,burrito:Chicken Burrito
2710,Freemansburg,PA,40.650486,-75.294821,10.15,burrito:Chicken Burrito
2732,NE Shopping Center,PA,40.074503,-75.03305,10.8,burrito:Chicken Burrito
2733,Marple,PA,39.938301,-75.353662,9.8,burrito:Chicken Burrito
2756,Trexlertown,PA,40.564645,-75.564518,10.15,burrito:Chicken Burrito
2757,Newtown Square,PA,39.987042,-75.405412,9.8,burrito:Chicken Burrito
2886,Warminster,PA,40.197716,-75.083216,9.35,burrito:Chicken Burrito
2901,West York,PA,39.979838,-76.752023,10.35,burrito:Chicken Burrito
2902,Lebanon PA,PA,40.317947,-76.424328,10.15,burrito:Chicken Burrito
2972,Selinsgrove,PA,40.837474,-76.832238,10.35,burrito:Chicken Burrito
3090,Granite Run,PA,39.914435,-75.432971,10.65,burrito:Chicken Burrito
3106,Malvern PA,PA,40.04925,-75.518099,9.5,burrito:Chicken Burrito
3111,Cheltenham Mall,PA,40.0735,-75.1569,10.35,burrito:Chicken Burrito
3128,West Lancaster PA,PA,40.044125,-76.364006,10.5,burrito:Chicken Burrito
3153,Washington PA,PA,40.189531,-80.21871,9.95,burrito:Chicken Burrito
3161,Cranberry Springs,PA,40.686249,-80.091369,9.15,burrito:Chicken Burrito
3165,Blue Bell,PA,40.165873,-75.290726,10.15,burrito:Chicken Burrito
3221,Newtown PA,PA,40.235762,-74.941877,9.95,burrito:Chicken Burrito
3263,Andorra SC,PA,40.063345,-75.236689,10.35,burrito:Chicken Burrito
3315,Lincoln Square Philadelphia,PA,39.938824,-75.167058,10.8,burrito:Chicken Burrito
3316,East Greensburg,PA,40.302717,-79.508701,9.65,burrito:Chicken Burrito
3343,Allison Park,PA,40.601801,-79.946668,9.5,burrito:Chicken Burrito
3347,Columbus Blvd,PA,39.923598,-75.14156,9.95,burrito:Chicken Burrito
3357,North Atherton PA,PA,40.808596,-77.903727,8.75,burrito:Chicken Burrito
3370,Oxford Valley,PA,40.1793,-74.879,10.35,burrito:Chicken Burrito
3398,Bensalem,PA,40.103038,-74.949458,9.8,burrito:Chicken Burrito
3414,Murrysville-Walnut Hollow,PA,40.422078,-79.662322,9.5,burrito:Chicken Burrito
3473,Roosevelt Blvd,PA,40.106537,-75.002213,10.5,burrito:Chicken Burrito
3509,Moon Township,PA,40.517299,-80.22234,9.2,burrito:Chicken Burrito
3614,Temple PA,PA,40.398816,-75.92909,10.5,burrito:Chicken Burrito
3670,Upper Darby,PA,39.958456,-75.258049,9.95,burrito:Chicken Burrito
3676,Hummelstown,PA,40.27002,-76.68758,9.95,burrito:Chicken Burrito
3691,Ephrata,PA,40.165263,-76.159953,10.15,burrito:Chicken Burrito
3716,Rte 309 Quakertown,PA,40.445559,-75.359445,10.35,burrito:Chicken Burrito
3748,Linglestown,PA,40.329598,-76.862834,10.5,burrito:Chicken Burrito
3766,Baker Centre,PA,40.00873,-75.176496,9.95,burrito:Chicken Burrito
3810,Warrington,PA,40.223789,-75.139374,9.5,burrito:Chicken Burrito
3847,Butler,PA,40.876316,-79.946144,8.95,burrito:Chicken Burrito
3864,East Lancaster PA,PA,40.026658,-76.219955,10.35,burrito:Chicken Burrito
3890,Lower Nazareth,PA,40.714731,-75.284467,10.15,burrito:Chicken Burrito
3940,Moosic,PA,41.362741,-75.680417,10.65,burrito:Chicken Burrito
3975,Huntingdon Valley,PA,40.08804,-75.09362,9.95,burrito:Chicken Burrito
3985,Hazleton,PA,40.980731,-76.01549,10.15,burrito:Chicken Burrito
3990,Williamsport,PA,41.248306,-76.960159,9.95,burrito:Chicken Burrito
4027,Souderton,PA,40.315556,-75.310181,10.65,burrito:Chicken Burrito
4033,East Erie,PA,42.144103,-80.006192,9.35,burrito:Chicken Burrito
4062,Clarks Summit PA,PA,41.48725,-75.69565,10.65,burrito:Chicken Burrito
4128,Towamencin,PA,40.258681,-75.323985,10.5,burrito:Chicken Burrito
4138,Feasterville,PA,40.150348,-75.001692,9.95,burrito:Chicken Burrito
4172,Kennett Square,PA,39.8595,-75.68698,10.5,burrito:Chicken Burrito
4293,Cedar Cliff,PA,40.230783,-76.893411,10.8,burrito:Chicken Burrito
4294,Royersford,PA,40.199081,-75.525085,10.65,burrito:Chicken Burrito
4296,Thorndale,PA,39.99404,-75.75972,10.5,burrito:Chicken Burrito
4327,Pottstown PA,PA,40.254837,-75.659744,9.95,burrito:Chicken Burrito
4347,Brentwood - PA,PA,40.36783,-79.98344,9.5,burrito:Chicken Burrito
4363,Uniontown,PA,39.904913,-79.753997,9.15,burrito:Chicken Burrito
4380,Germantown Pike,PA,40.116714,-75.285336,9.5,burrito:Chicken Burrito
4388,MacDade Blvd,PA,39.899911,-75.30509,10.8,burrito:Chicken Burrito
4400,Strip District,PA,40.45045,-79.987075,9.15,burrito:Chicken Burrito
4494,Audubon,PA,40.126572,-75.40663,10.35,burrito:Chicken Burrito
4563,County Line Rd,PA,40.171207,-75.071756,9.95,burrito:Chicken Burrito
4619,Parkesburg,PA,39.98231,-75.92989,10.5,burrito:Chicken Burrito
4622,Univ of Pittsburgh R,PA,40.440056,-79.95885,8.45,burrito:Chicken Burrito
4646,Pittsburgh Mills,PA,40.56956,-79.80259,9.8,burrito:Chicken Burrito
4754,Johnstown PA,PA,40.271707,-78.857576,9.35,burrito:Chicken Burrito
4755,The Waterfront,PA,40.41349,-79.90451,8.95,burrito:Chicken Burrito
4829,Bloomsburg,PA,41.00863,-76.48907,9.5,burrito:Chicken Burrito
4854,Monaca,PA,40.68048,-80.31031,9.65,burrito:Chicken Burrito
4856,Somerset PA,PA,40.021923,-79.077103,9.15,burrito:Chicken Burrito
4946,New Castle - PA,PA,41.011463,-80.396774,9.65,burrito:Chicken Burrito
4975,Douglassville,PA,40.260761,-75.730406,10.65,burrito:Chicken Burrito
5028,Exeter PA,PA,40.29905,-75.84566,10.65,burrito:Chicken Burrito
5040,Carbondale,PA,41.56926,-75.50955,10.95,burrito:Chicken Burrito
5043,Lewistown PA,PA,40.58677,-77.60424,9.5,burrito:Chicken Burrito
5074,Green Tree,PA,40.418222,-80.045942,9.35,burrito:Chicken Burrito
5150,Shippensburg,PA,40.06039,-77.49523,9.95,burrito:Chicken Burrito
5176,Chippewa Township,PA,40.77785,-80.38467,9.95,burrito:Chicken Burrito
5192,Barn Plaza,PA,40.27312,-75.12816,9.95,burrito:Chicken Burrito
5194,Easton Avenue,PA,40.6443,-75.34701,10.35,burrito:Chicken Burrito
5219,Kingston PA,PA,41.26057,-75.89641,10.65,burrito:Chicken Burrito
5221,North Fayette R,PA,40.450584,-80.17553,8.75,burrito:Chicken Burrito
5229,Meadville PA,PA,41.622146,-80.199705,9.5,burrito:Chicken Burrito
5385,Ebensburg PA,PA,40.47271,-78.74948,9.35,burrito:Chicken Burrito
5399,Mt Pleasant,PA,40.12556,-79.55269,9.2,burrito:Chicken Burrito
5566,City Avenue,PA,39.99685,-75.235835,9.8,burrito:Chicken Burrito
5577,FISHTOWN,PA,39.974595,-75.12174,9.65,burrito:Chicken Burrito
5578,25th Street Easton,PA,40.68265,-75.24813,10.35,burrito:Chicken Burrito
5621,S. Atherton,PA,40.78417,-77.83045,8.75,burrito:Chicken Burrito
5662,Aston PA,PA,39.85643,-75.428527,10.5,burrito:Chicken Burrito
5685,Erie PA - Ridge Rd,PA,42.068559,-80.188003,9.5,burrito:Chicken Burrito
5733,Ohio Township PA,PA,40.52528,-80.07205,9.35,burrito:Chicken Burrito
5734,Bellefonte PA,PA,40.87884,-77.7794,9.15,burrito:Chicken Burrito
5777,Levittown PA,PA,40.143562,-74.820241,10.35,burrito:Chicken Burrito
5846,Yardley,PA,40.229382,-74.88502,10.35,burrito:Chicken Burrito
1371,Garden City Center,RI,41.761894,-71.4589,10.35,burrito:Chicken Burrito
1388,Providence - Thayer St,RI,41.828265,-71.400524,9.15,burrito:Chicken Burrito
1873,Airport Plaza,RI,41.731845,-71.435526,9.65,burrito:Chicken Burrito
2296,Middletown RI,RI,41.516583,-71.299258,9.2,burrito:Chicken Burrito
2558,Johnston,RI,41.815099,-71.497821,10.35,burrito:Chicken Burrito
3268,Lincoln RI,RI,41.937636,-71.476992,9.5,burrito:Chicken Burrito
3348,East Greenwich,RI,41.663971,-71.495857,10.5,burrito:Chicken Burrito
3600,Providence Branch Ave,RI,41.843487,-71.409187,9.95,burrito:Chicken Burrito
3998,North Kingstown,RI,41.60542,-71.45446,9.95,burrito:Chicken Burrito
4084,North Providence,RI,41.86465,-71.448916,9.95,burrito:Chicken Burrito
4085,Smithfield Relo,RI,41.870808,-71.532227,9.8,burrito:Chicken Burrito
4156,Barrington RI,RI,41.738446,-71.305482,10.5,burrito:Chicken Burrito
4520,Rumford,RI,41.856193,-71.355664,9.8,burrito:Chicken Burrito
5014,South Kingstown,RI,41.442112,-71.486164,9.5,burrito:Chicken Burrito
978,Warwick,RI,41.712296,-71.489657,9.95,burrito:Chicken Burrito
1245,Woodruff,SC,34.825873,-82.299647,9.15,burrito:Chicken Burrito
1567,Harbison Blvd,SC,34.072489,-81.157815,9.35,burrito:Chicken Burrito
1680,Spartanburg West,SC,34.937605,-81.984639,8.75,burrito:Chicken Burrito
1780,North Charleston,SC,32.936908,-80.0389,9.65,burrito:Chicken Burrito
1820,Anderson SC,SC,34.552493,-82.678134,9.65,burrito:Chicken Burrito
1828,Clemson,SC,34.68461,-82.837358,8.75,burrito:Chicken Burrito
1831,Haywood Road,SC,34.848209,-82.337894,9.5,burrito:Chicken Burrito
1963,Vista,SC,33.998966,-81.042841,8.75,burrito:Chicken Burrito
1990,Florence SC,SC,34.18954,-79.830353,9.8,burrito:Chicken Burrito
2023,Myrtle Beach Coastal Grand,SC,33.705008,-78.920749,9.95,burrito:Chicken Burrito
2166,Charleston King Street,SC,32.785578,-79.935977,8.45,burrito:Chicken Burrito
2351,North Myrtle Beach,SC,33.842102,-78.661156,9.95,burrito:Chicken Burrito
2357,Bluffton,SC,32.247148,-80.832487,10.15,burrito:Chicken Burrito
2577,Centre Pointe,SC,32.873118,-80.020384,10.15,burrito:Chicken Burrito
2637,Garners Ferry Rd.,SC,33.983156,-80.967654,8.75,burrito:Chicken Burrito
2810,Myrtle Beach South Strand,SC,33.64424,-78.98683,10.15,burrito:Chicken Burrito
2850,Mt. Pleasant Wando Crossing,SC,32.817082,-79.845065,9.35,burrito:Chicken Burrito
3021,Summerville Main St,SC,33.034801,-80.158297,9.8,burrito:Chicken Burrito
3074,North Augusta,SC,33.496414,-81.962333,9.8,burrito:Chicken Burrito
3313,Two Notch,SC,34.117946,-80.87743,9.5,burrito:Chicken Burrito
3576,Cherrydale,SC,34.889874,-82.37533,9.35,burrito:Chicken Burrito
3607,Lexington SC,SC,33.994726,-81.226326,9.5,burrito:Chicken Burrito
3656,Easley,SC,34.823592,-82.578272,9.8,burrito:Chicken Burrito
3661,West Columbia,SC,34.005282,-81.118209,9.2,burrito:Chicken Burrito
3712,Sumter,SC,33.956726,-80.388801,9.8,burrito:Chicken Burrito
3729,Spartanburg East,SC,34.967113,-81.892263,9.95,burrito:Chicken Burrito
3760,Rock Hill Cherry Rd,SC,34.966325,-80.9947,9.8,burrito:Chicken Burrito
3789,Charleston West Ashley,SC,32.781932,-79.990821,8.95,burrito:Chicken Burrito
3856,Greenville Pelham,SC,34.860578,-82.269226,9.5,burrito:Chicken Burrito
3922,Goose Creek,SC,33.010147,-80.045853,9.65,burrito:Chicken Burrito
3951,Indian Land 521,SC,35.012021,-80.851522,9.35,burrito:Chicken Burrito
3978,Fort Mill Hwy 160,SC,35.035156,-80.974278,9.8,burrito:Chicken Burrito
4002,Killian Rd,SC,34.137164,-80.955709,9.2,burrito:Chicken Burrito
4091,Greer,SC,34.943764,-82.255956,9.8,burrito:Chicken Burrito
4101,Mauldin,SC,34.77734,-82.309436,9.2,burrito:Chicken Burrito
4232,Conway SC,SC,33.791009,-78.998667,9.95,burrito:Chicken Burrito
4269,Beaufort,SC,32.439545,-80.704788,9.8,burrito:Chicken Burrito
4473,Greenwood SC,SC,34.20988,-82.18288,9.95,burrito:Chicken Burrito
4574,Indian Land South,SC,34.935801,-80.836131,9.65,burrito:Chicken Burrito
4719,Lexington Platt Springs,SC,33.909012,-81.218506,9.35,burrito:Chicken Burrito
4911,Hartwell Village,SC,34.690519,-82.862931,8.95,burrito:Chicken Burrito
4941,Duncan SC,SC,34.902731,-82.096067,9.2,burrito:Chicken Burrito
4986,Rock Hill Herlong,SC,34.958024,-81.042969,9.95,burrito:Chicken Burrito
5054,Gaffney SC,SC,35.093396,-81.664512,9.65,burrito:Chicken Burrito
5090,Travelers Rest SC,SC,34.958228,-82.438606,9.35,burrito:Chicken Burrito
5169,Myrtle Beach Grande Dunes,SC,33.74987,-78.814972,9.95,burrito:Chicken Burrito
5214,Greenville SC Augusta St,SC,34.824791,-82.394005,9.65,burrito:Chicken Burrito
5282,Orangeburg SC North St,SC,33.526717,-80.892713,8.95,burrito:Chicken Burrito
5284,Trenholm Relo,SC,34.023167,-80.952713,9.2,burrito:Chicken Burrito
5286,Taylors SC Old Spartanburg,SC,34.890842,-82.296008,9.65,burrito:Chicken Burrito
5336,Carnes Crossroads2,SC,33.053257,-80.100949,9.8,burrito:Chicken Burrito
5369,North Charleston Dorchester Road,SC,32.91941,-80.11727,9.8,burrito:Chicken Burrito
5535,Ladson SC,SC,32.98121,-80.12811,9.8,burrito:Chicken Burrito
5593,Lake Wylie,SC,35.116084,-81.075643,9.8,burrito:Chicken Burrito
5693,Irmo SC,SC,34.12428,-81.21849,9.5,burrito:Chicken Burrito
3553,Sioux Falls - 41st Street,SD,43.5147,-96.774948,9.65,burrito:Chicken Burrito
4164,Sioux Falls - Arrowhead Pkwy,SD,43.544465,-96.661136,9.95,burrito:Chicken Burrito
1370,Nashville West End,TN,36.144099,-86.813277,8.95,burrito:Chicken Burrito
1389,Green Hills,TN,36.105401,-86.812737,8.95,burrito:Chicken Burrito
1495,Brentwood Nashville,TN,36.029744,-86.791491,9.35,burrito:Chicken Burrito
1524,Cool Springs,TN,35.945246,-86.825125,9.15,burrito:Chicken Burrito
1559,Knoxville UT Campus,TN,35.956584,-83.932753,8.75,burrito:Chicken Burrito
1587,Ridgeway Trace,TN,35.102096,-89.865546,8.95,burrito:Chicken Burrito
1687,Vanderbilt,TN,36.147259,-86.798827,8.6,burrito:Chicken Burrito
1991,Clarksville TN,TN,36.598166,-87.286101,9.5,burrito:Chicken Burrito
2040,Belle Meade,TN,36.129387,-86.853176,8.45,burrito:Chicken Burrito
2063,Knoxville Cedar Bluff,TN,35.915322,-84.089824,9.15,burrito:Chicken Burrito
2067,Murfreesboro,TN,35.855643,-86.430928,9.8,burrito:Chicken Burrito
2107,Turkey Creek,TN,35.899326,-84.160592,9.35,burrito:Chicken Burrito
2165,West Town Mall Food Court,TN,35.924314,-84.03697,9.65,burrito:Chicken Burrito
2586,Sevierville,TN,35.830762,-83.573012,10.15,burrito:Chicken Burrito
2709,Nashville West,TN,36.132694,-86.894666,9.2,burrito:Chicken Burrito
2787,100 Oaks,TN,36.111374,-86.766713,9.2,burrito:Chicken Burrito
2802,Fountain City,TN,36.026345,-83.927835,8.95,burrito:Chicken Burrito
3031,Cordova,TN,35.144495,-89.796228,9.8,burrito:Chicken Burrito
3058,Memphis Midtown,TN,35.134751,-89.993488,9.65,burrito:Chicken Burrito
3159,Cookeville TN,TN,36.138863,-85.507637,9.65,burrito:Chicken Burrito
3223,Smyrna TN,TN,35.978651,-86.564851,9.65,burrito:Chicken Burrito
3336,MetroCenter Nashville,TN,36.189243,-86.798418,9.5,burrito:Chicken Burrito
3442,North Murfreesboro,TN,35.880857,-86.383934,9.65,burrito:Chicken Burrito
3456,Hendersonville,TN,36.319596,-86.600238,8.95,burrito:Chicken Burrito
3546,Hamilton Place,TN,35.034467,-85.152592,8.75,burrito:Chicken Burrito
3583,Rivergate,TN,36.2989,-86.6977,8.95,burrito:Chicken Burrito
3719,Northshore,TN,35.06311,-85.309998,9.35,burrito:Chicken Burrito
3726,Johnson City,TN,36.340525,-82.375067,9.5,burrito:Chicken Burrito
3728,Hermitage 1,TN,36.194749,-86.618089,,no-chicken-burrito
3794,Century Farms,TN,36.035003,-86.651283,9.5,burrito:Chicken Burrito
3795,Cool Springs East,TN,35.925546,-86.817302,9.8,burrito:Chicken Burrito
3832,Spring Hill 2,TN,35.768814,-86.917722,9.8,burrito:Chicken Burrito
3846,Hixson,TN,35.125707,-85.240269,9.95,burrito:Chicken Burrito
3931,Clarksville Commons,TN,36.507551,-87.272863,9.65,burrito:Chicken Burrito
3937,Jackson TN,TN,35.670273,-88.852476,9.5,burrito:Chicken Burrito
4111,Summer Avenue,TN,35.148979,-89.902893,9.2,burrito:Chicken Burrito
4146,Cleveland TN,TN,35.211303,-84.863588,9.5,burrito:Chicken Burrito
4237,Columbia TN,TN,35.593541,-87.052038,9.65,burrito:Chicken Burrito
4264,Wolfchase - Germantown Pkwy,TN,35.202155,-89.792946,9.5,burrito:Chicken Burrito
4287,Bristol TN,TN,36.591682,-82.260116,9.65,burrito:Chicken Burrito
4290,Collierville,TN,35.046465,-89.698565,9.8,burrito:Chicken Burrito
4421,Lebanon,TN,36.191502,-86.295166,10.15,burrito:Chicken Burrito
4483,Alcoa,TN,35.764128,-83.990017,9.95,burrito:Chicken Burrito
4510,Mt. Juliet,TN,36.174831,-86.514323,9.95,burrito:Chicken Burrito
4687,Millington,TN,35.359919,-89.892458,9.8,burrito:Chicken Burrito
4690,Donelson Pike,TN,36.149319,-86.667415,9.95,burrito:Chicken Burrito
4713,North Mount Juliet,TN,36.232468,-86.516273,9.8,burrito:Chicken Burrito
4772,Arlington TN,TN,35.271997,-89.666053,9.65,burrito:Chicken Burrito
4826,Kingsport,TN,36.54969,-82.525271,9.8,burrito:Chicken Burrito
4885,Cool Springs North,TN,35.964953,-86.811774,9.15,burrito:Chicken Burrito
4937,South Murfreesboro,TN,35.789024,-86.399361,9.95,burrito:Chicken Burrito
5160,Saddle Creek,TN,35.091563,-89.811061,9.2,burrito:Chicken Burrito
5215,ETSU,TN,36.300839,-82.37891,9.95,burrito:Chicken Burrito
5273,Bartlett Kirby Whitten Rd.,TN,35.20532,-89.84209,9.5,burrito:Chicken Burrito
5302,Lavergne,TN,36.01733,-86.56278,9.95,burrito:Chicken Burrito
5329,Golden Bear,TN,36.184056,-86.461955,10.15,burrito:Chicken Burrito
5330,Springfield TN,TN,36.48708,-86.883,9.2,burrito:Chicken Burrito
5373,MTSU,TN,35.84194,-86.3515,9.95,burrito:Chicken Burrito
5379,Lee Victory Parkway,TN,35.949789,-86.530083,9.8,burrito:Chicken Burrito
5501,Dyersburg,TN,36.062113,-89.396528,9.5,burrito:Chicken Burrito
5528,Hwy 109 Lebanon,TN,36.190672,-86.4101,10.15,burrito:Chicken Burrito
5639,Morristown TN,TN,36.193405,-83.355077,9.95,burrito:Chicken Burrito
5666,Columbia Pike,TN,35.896333,-86.876049,9.5,burrito:Chicken Burrito
5700,Ft. Campbell Blvd,TN,36.58603,-87.41369,9.65,burrito:Chicken Burrito
5765,Nolensville,TN,35.947622,-86.665146,9.5,burrito:Chicken Burrito
6015,White House,TN,36.46878,-86.6773,9.35,burrito:Chicken Burrito
1004,City Centre,TX,29.779686,-95.562167,9.65,burrito:Chicken Burrito
1008,Southpark Meadows,TX,30.158366,-97.791029,9.8,burrito:Chicken Burrito
101,Preston Ridge,TX,33.107362,-96.806229,9.2,burrito:Chicken Burrito
1028,San Marcos,TX,29.885571,-97.940987,8.75,burrito:Chicken Burrito
1071,Bandera Road,TX,29.548579,-98.66504,9.5,burrito:Chicken Burrito
1074,Rockwall,TX,32.902614,-96.454727,9.8,burrito:Chicken Burrito
1117,WACO,TX,31.531142,-97.187941,9.8,burrito:Chicken Burrito
1130,Harker Heights,TX,31.072001,-97.665832,9.8,burrito:Chicken Burrito
1132,380 Town Crossing,TX,33.218062,-96.638339,9.5,burrito:Chicken Burrito
117,Round Rock,TX,30.483262,-97.681878,9.15,burrito:Chicken Burrito
1185,Baybrook TX II,TX,29.547696,-95.131309,9.65,burrito:Chicken Burrito
1195,Big Sherm,TX,33.682577,-96.608977,9.8,burrito:Chicken Burrito
1212,Las Colinas South,TX,32.865764,-96.943632,9.65,burrito:Chicken Burrito
1252,Coppell,TX,32.969027,-96.993335,9.8,burrito:Chicken Burrito
1282,Knox Street,TX,32.821055,-96.788102,9.5,burrito:Chicken Burrito
1287,Atascocita,TX,29.997368,-95.163998,9.65,burrito:Chicken Burrito
1298,Reliant Park,TX,29.691108,-95.41572,9.8,burrito:Chicken Burrito
1303,Louetta Road,TX,29.99639,-95.576801,9.65,burrito:Chicken Burrito
1323,Arlington South,TX,32.664639,-97.133659,9.5,burrito:Chicken Burrito
1326,Anderson Lane,TX,30.358578,-97.734726,9.65,burrito:Chicken Burrito
1395,Bird Creek Crossing,TX,31.092538,-97.38551,9.65,burrito:Chicken Burrito
1429,Wallisville,TX,29.810015,-95.162522,9.5,burrito:Chicken Burrito
1456,Flower Mound,TX,33.069765,-97.08218,9.5,burrito:Chicken Burrito
1469,Conroe TX,TX,30.315239,-95.473444,9.65,burrito:Chicken Burrito
1481,West Plano,TX,33.02706,-96.833078,9.65,burrito:Chicken Burrito
1490,College Station 2,TX,30.639298,-96.317468,8.95,burrito:Chicken Burrito
1506,Texas Tech Red Raiders,TX,33.588063,-101.869452,8.75,burrito:Chicken Burrito
1582,Pearland,TX,29.55642,-95.386371,9.5,burrito:Chicken Burrito
1606,Kingsgate,TX,33.518444,-101.903597,9.65,burrito:Chicken Burrito
1613,Tyler,TX,32.29719,-95.301791,9.5,burrito:Chicken Burrito
1616,Preston & Frankford,TX,32.999127,-96.796695,9.15,burrito:Chicken Burrito
163,Willowbrook,TX,29.964272,-95.543527,9.5,burrito:Chicken Burrito
1679,Missouri City,TX,29.564055,-95.562294,9.8,burrito:Chicken Burrito
1697,Camp Bowie,TX,32.726414,-97.42219,9.2,burrito:Chicken Burrito
170,Northwest Marketplace,TX,29.853965,-95.51287,9.95,burrito:Chicken Burrito
171,Forum,TX,29.571994,-98.326307,9.65,burrito:Chicken Burrito
1715,Grand Prairie,TX,32.673702,-97.006221,9.8,burrito:Chicken Burrito
1723,South Lamar,TX,30.247644,-97.775468,9.65,burrito:Chicken Burrito
1734,Shops at Legacy,TX,33.078407,-96.820292,9.35,burrito:Chicken Burrito
1758,New Braunfels,TX,29.700977,-98.095527,9.95,burrito:Chicken Burrito
1781,UTEP,TX,31.779081,-106.504235,9.5,burrito:Chicken Burrito
1788,Mansfield TX,TX,32.595463,-97.148099,9.35,burrito:Chicken Burrito
1808,Richardson,TX,32.949697,-96.769462,9.35,burrito:Chicken Burrito
1809,Murphy,TX,33.01193,-96.609264,9.65,burrito:Chicken Burrito
1889,Cedar Hill,TX,32.592369,-96.93788,9.65,burrito:Chicken Burrito
1894,Heights Blvd.,TX,29.77466,-95.397932,9.2,burrito:Chicken Burrito
1902,UNT Fry St.,TX,33.214758,-97.146201,8.75,burrito:Chicken Burrito
1910,Medical District,TX,29.510427,-98.57829,9.5,burrito:Chicken Burrito
1923,George Dieter,TX,31.729102,-106.30334,9.65,burrito:Chicken Burrito
1930,Copperfield South,TX,29.87697,-95.645856,9.8,burrito:Chicken Burrito
1966,The Fountains,TX,31.770416,-106.371356,9.65,burrito:Chicken Burrito
197,Addison,TX,32.95367,-96.853017,9.5,burrito:Chicken Burrito
1988,Greatwood,TX,29.563681,-95.684298,9.5,burrito:Chicken Burrito
201,Med Center,TX,29.709759,-95.401168,9.2,burrito:Chicken Burrito
2021,Euless,TX,32.88015,-97.098193,9.35,burrito:Chicken Burrito
2036,NorthPark Center,TX,32.868969,-96.77351,9.95,burrito:Chicken Burrito
2117,Grapevine Mills,TX,32.961725,-97.04183,9.95,burrito:Chicken Burrito
2132,Lakewood TX,TX,32.816402,-96.753159,9.5,burrito:Chicken Burrito
2140,Energy Corridor,TX,29.768398,-95.624098,9.35,burrito:Chicken Burrito
2145,Baytown TX,TX,29.779732,-94.977228,9.65,burrito:Chicken Burrito
2162,Midtown,TX,29.746321,-95.376237,9.65,burrito:Chicken Burrito
2175,Texarkana,TX,33.457921,-94.087695,10.35,burrito:Chicken Burrito
2201,Jersey Village,TX,29.903812,-95.551505,9.65,burrito:Chicken Burrito
2224,Midland,TX,32.036278,-102.123368,10.65,burrito:Chicken Burrito
2232,Odessa,TX,31.8899,-102.35041,10.5,burrito:Chicken Burrito
2242,Rufe Snow,TX,32.841063,-97.238015,9.5,burrito:Chicken Burrito
2249,Longview,TX,32.542182,-94.73356,9.95,burrito:Chicken Burrito
2250,Weatherford,TX,32.729325,-97.787634,9.5,burrito:Chicken Burrito
2279,North Loop TX,TX,29.812034,-95.42234,9.5,burrito:Chicken Burrito
2284,Memorial City Mall,TX,29.780353,-95.540002,9.8,burrito:Chicken Burrito
2290,Katy South,TX,29.761454,-95.75118,9.35,burrito:Chicken Burrito
2304,Amarillo,TX,35.188631,-101.866807,9.8,burrito:Chicken Burrito
2330,South Shore,TX,30.24213,-97.727277,9.5,burrito:Chicken Burrito
2342,Cedar Park,TX,30.524857,-97.819717,9.2,burrito:Chicken Burrito
2343,Corpus Christi,TX,27.71092,-97.368595,9.95,burrito:Chicken Burrito
2363,University Oaks,TX,30.556406,-97.687919,9.65,burrito:Chicken Burrito
2364,West Southlake,TX,32.937631,-97.186809,9.15,burrito:Chicken Burrito
2378,Wichita Falls,TX,33.871129,-98.534152,9.8,burrito:Chicken Burrito
2381,Louetta North,TX,30.066232,-95.437682,9.5,burrito:Chicken Burrito
2398,Spring Cypress,TX,29.972817,-95.691465,9.65,burrito:Chicken Burrito
244,Park & Preston,TX,33.027502,-96.792389,9.35,burrito:Chicken Burrito
2470,Pearland East,TX,29.55817,-95.26172,9.65,burrito:Chicken Burrito
249,Richmond & Sage,TX,29.732002,-95.466316,9.35,burrito:Chicken Burrito
2503,Huntsville,TX,30.710827,-95.566226,8.6,burrito:Chicken Burrito
252,Katy,TX,29.787698,-95.718353,9.35,burrito:Chicken Burrito
2525,Alliance,TX,32.915137,-97.313821,9.5,burrito:Chicken Burrito
2582,The Palms,TX,26.196019,-98.260688,9.65,burrito:Chicken Burrito
2601,Fort Bliss,TX,31.81715,-106.427572,9.5,burrito:Chicken Burrito
262,Scofield Farms,TX,30.413068,-97.68771,9.8,burrito:Chicken Burrito
2620,Houston Galleria,TX,29.739563,-95.462705,9.65,burrito:Chicken Burrito
2625,Rayzor Ranch,TX,33.229381,-97.168369,9.35,burrito:Chicken Burrito
2630,Port Arthur,TX,29.944487,-93.994997,9.95,burrito:Chicken Burrito
2634,Pflugerville,TX,30.46269,-97.59851,9.65,burrito:Chicken Burrito
2651,West End Lubbock,TX,33.56741,-101.944974,9.65,burrito:Chicken Burrito
2675,North El Paso,TX,31.924665,-106.439021,9.95,burrito:Chicken Burrito
2676,Medical District Fort Worth,TX,32.732805,-97.343147,9.8,burrito:Chicken Burrito
2708,10th and Trenton,TX,26.268379,-98.218471,9.65,burrito:Chicken Burrito
271,Royal Oaks,TX,29.736102,-95.586072,9.2,burrito:Chicken Burrito
2728,Laredo,TX,27.573353,-99.474004,9.95,burrito:Chicken Burrito
2749,Bachman Lake,TX,32.861138,-96.857219,9.5,burrito:Chicken Burrito
2753,TPC & 281,TX,29.647749,-98.449806,9.65,burrito:Chicken Burrito
2754,281 & Bitters,TX,29.566236,-98.48475,9.65,burrito:Chicken Burrito
2771,Granbury,TX,32.433649,-97.784812,9.65,burrito:Chicken Burrito
2772,Lake Worth,TX,32.810296,-97.432461,9.2,burrito:Chicken Burrito
2773,Copperas Cove,TX,31.120257,-97.861477,9.65,burrito:Chicken Burrito
2774,LBJ and Beltline,TX,32.922099,-96.99438,9.5,burrito:Chicken Burrito
2784,Fort Cavazos,TX,31.131034,-97.798327,9.35,burrito:Chicken Burrito
2786,Rivercenter,TX,29.423806,-98.484332,9.95,burrito:Chicken Burrito
2794,Tomball,TX,30.089045,-95.634588,9.8,burrito:Chicken Burrito
2798,Fairfield Outlet,TX,29.993144,-95.751294,9.65,burrito:Chicken Burrito
2799,San Marcos Outlets,TX,29.827032,-97.985293,10.15,burrito:Chicken Burrito
2800,Barker Cypress,TX,29.91157,-95.685449,9.95,burrito:Chicken Burrito
2811,Baylor University,TX,31.551796,-97.124571,8.75,burrito:Chicken Burrito
2816,Farmer Branch,TX,32.92136,-96.838671,9.65,burrito:Chicken Burrito
2817,HBU,TX,29.698307,-95.518431,9.5,burrito:Chicken Burrito
2818,Hach,TX,32.424219,-96.838914,9.8,burrito:Chicken Burrito
2829,Custer,TX,33.127704,-96.733941,9.65,burrito:Chicken Burrito
2851,The Colony,TX,33.069047,-96.879297,9.65,burrito:Chicken Burrito
2871,Beaumont,TX,30.115381,-94.169175,9.8,burrito:Chicken Burrito
2885,Greenville Texas,TX,33.096009,-96.112571,9.65,burrito:Chicken Burrito
2888,Pharr,TX,26.202566,-98.20195,9.95,burrito:Chicken Burrito
2891,Harlingen,TX,26.186609,-97.721518,9.65,burrito:Chicken Burrito
2921,N Mesa Rd,TX,31.834125,-106.546125,9.5,burrito:Chicken Burrito
2929,Abilene,TX,32.405363,-99.765402,9.2,burrito:Chicken Burrito
2930,Nacogdoches,TX,31.623169,-94.652864,8.6,burrito:Chicken Burrito
2963,Haden & I-10,TX,29.76982,-95.181946,9.65,burrito:Chicken Burrito
2970,Katy West,TX,29.78692,-95.792483,9.65,burrito:Chicken Burrito
2981,Rowlett,TX,32.908125,-96.572245,9.65,burrito:Chicken Burrito
2997,Spring Creek,TX,33.056714,-96.693465,8.95,burrito:Chicken Burrito
3000,Woodlands North,TX,30.20628,-95.463578,9.2,burrito:Chicken Burrito
3002,The Grid,TX,29.644635,-95.577063,9.35,burrito:Chicken Burrito
3039,Spring North,TX,30.088633,-95.521604,9.65,burrito:Chicken Burrito
3040,Bedford TX,TX,32.83619,-97.132829,9.5,burrito:Chicken Burrito
3049,Terrell,TX,32.716716,-96.325676,9.65,burrito:Chicken Burrito
3065,West Love,TX,32.827182,-96.845921,9.5,burrito:Chicken Burrito
3077,Hawks Creek,TX,32.755116,-97.429336,9.65,burrito:Chicken Burrito
3085,San Jacinto Houston,TX,29.664249,-95.115503,9.65,burrito:Chicken Burrito
3129,290 and 34th,TX,29.819122,-95.467393,9.5,burrito:Chicken Burrito
3130,Coit & 190,TX,33.002224,-96.767018,9.35,burrito:Chicken Burrito
314,Central Expressway,TX,32.907832,-96.769701,9.65,burrito:Chicken Burrito
3140,Pasadena West,TX,29.665194,-95.188335,9.65,burrito:Chicken Burrito
3142,Colleyville,TX,32.878088,-97.158434,9.65,burrito:Chicken Burrito
3160,Alamo Ranch,TX,29.493576,-98.706432,9.65,burrito:Chicken Burrito
3181,West Towne El Paso,TX,31.886742,-106.579666,9.5,burrito:Chicken Burrito
3182,Greenspoint,TX,29.91974,-95.413393,9.8,burrito:Chicken Burrito
3220,Carrollton TX,TX,33.020492,-96.913809,9.5,burrito:Chicken Burrito
3238,Pioneer,TX,32.706017,-97.023371,9.65,burrito:Chicken Burrito
3258,Warren and DNT,TX,33.10619,-96.825546,9.65,burrito:Chicken Burrito
3260,Summerwood,TX,29.928637,-95.203308,9.8,burrito:Chicken Burrito
3292,Abrams and NWH,TX,32.8574,-96.7503,9.65,burrito:Chicken Burrito
330,Las Colinas,TX,32.912385,-96.959372,9.65,burrito:Chicken Burrito
3302,Mesquite East,TX,32.791536,-96.597088,9.65,burrito:Chicken Burrito
3303,Casa Linda II,TX,32.831193,-96.705691,9.5,burrito:Chicken Burrito
3305,North Allen,TX,33.128246,-96.662642,9.65,burrito:Chicken Burrito
3322,Wheatland,TX,32.65049,-96.865799,9.65,burrito:Chicken Burrito
3328,Plaza Saltillo,TX,30.263372,-97.731508,9.95,burrito:Chicken Burrito
3329,Eldorado & Legacy,TX,33.175984,-96.845531,9.65,burrito:Chicken Burrito
3344,Red Oak,TX,32.532558,-96.82062,9.5,burrito:Chicken Burrito
3359,I-35 & Valley View,TX,32.923707,-96.898415,9.65,burrito:Chicken Burrito
3375,Roanoke,TX,33.016446,-97.219178,9.35,burrito:Chicken Burrito
3377,Blue Mound,TX,32.869843,-97.341721,9.5,burrito:Chicken Burrito
3379,Centreport 2,TX,32.824215,-97.060249,9.5,burrito:Chicken Burrito
3389,Corinth,TX,33.1303,-97.0392,9.35,burrito:Chicken Burrito
3402,Aliana,TX,29.660821,-95.714133,9.35,burrito:Chicken Burrito
3406,Friendswood,TX,29.508403,-95.186997,9.8,burrito:Chicken Burrito
3408,I-45 & Richey,TX,29.994991,-95.423947,9.8,burrito:Chicken Burrito
343,Arlington,TX,32.769008,-97.096823,9.35,burrito:Chicken Burrito
3434,Four Points,TX,30.4115,-97.8502,9.5,burrito:Chicken Burrito
344,Vista Ridge,TX,33.000531,-96.962609,9.5,burrito:Chicken Burrito
3447,Rayford Crossing,TX,30.118431,-95.379661,9.2,burrito:Chicken Burrito
3448,Gleannloch,TX,30.034105,-95.553421,9.8,burrito:Chicken Burrito
3450,Plano & Beltline,TX,32.945274,-96.698638,9.5,burrito:Chicken Burrito
3458,Burleson II,TX,32.566789,-97.318388,9.65,burrito:Chicken Burrito
346,Sunset Valley,TX,30.229169,-97.821024,9.2,burrito:Chicken Burrito
347,Theater District,TX,29.760162,-95.362591,9.5,burrito:Chicken Burrito
3489,Victory Park,TX,32.7881,-96.809407,9.95,burrito:Chicken Burrito
3493,Tanglewood TX,TX,29.750156,-95.477381,9.35,burrito:Chicken Burrito
3525,Flower Mound South TX,TX,33.011492,-97.070128,9.65,burrito:Chicken Burrito
3526,Park Lane,TX,32.870621,-96.769003,9.65,burrito:Chicken Burrito
3527,South Austin,TX,30.200486,-97.864015,9.35,burrito:Chicken Burrito
3532,Forney,TX,32.741413,-96.447354,9.35,burrito:Chicken Burrito
3542,Desoto,TX,32.604645,-96.82537,9.65,burrito:Chicken Burrito
3548,Champions Circle,TX,33.025883,-97.284912,9.5,burrito:Chicken Burrito
3551,Potranco III,TX,29.428031,-98.712241,9.8,burrito:Chicken Burrito
3557,Chisholm Trail & McPherson,TX,32.605881,-97.408127,9.95,burrito:Chicken Burrito
3558,380 & Lake Forest,TX,33.218,-96.6801,9.65,burrito:Chicken Burrito
3567,I20 and Little Rd,TX,32.676315,-97.196754,9.95,burrito:Chicken Burrito
359,Pasadena,TX,29.650433,-95.152626,9.5,burrito:Chicken Burrito
3602,Kessler Park,TX,32.76066,-96.859217,9.8,burrito:Chicken Burrito
3624,Four Corners TX,TX,29.677716,-95.642902,9.2,burrito:Chicken Burrito
3625,Mont Belvieu,TX,29.82029,-94.89904,9.5,burrito:Chicken Burrito
3629,Bulverde & 1604,TX,29.596676,-98.419196,9.35,burrito:Chicken Burrito
3645,Hwy 59 & Little York,TX,29.870438,-95.327431,9.65,burrito:Chicken Burrito
3646,Sawdust,TX,30.127648,-95.45431,9.5,burrito:Chicken Burrito
3647,New Caney,TX,30.134644,-95.228539,9.8,burrito:Chicken Burrito
3660,Oltorf,TX,30.233939,-97.739224,9.65,burrito:Chicken Burrito
3680,Magnolia,TX,30.222221,-95.565796,9.5,burrito:Chicken Burrito
3681,League City TX,TX,29.470186,-95.093029,9.65,burrito:Chicken Burrito
3688,Kingwood,TX,30.0507,-95.1804,9.65,burrito:Chicken Burrito
3702,Smyers,TX,30.509436,-97.712165,9.65,burrito:Chicken Burrito
3704,Springwoods,TX,30.099725,-95.442139,9.65,burrito:Chicken Burrito
3720,Eastlake TX,TX,31.688641,-106.265579,9.35,burrito:Chicken Burrito
3730,Mansfield East,TX,32.572617,-97.088982,9.8,burrito:Chicken Burrito
3744,Cinco South,TX,29.698158,-95.814494,9.35,burrito:Chicken Burrito
3752,Lucas,TX,33.086072,-96.617706,9.5,burrito:Chicken Burrito
3753,Wellborn,TX,30.590437,-96.329585,8.95,burrito:Chicken Burrito
376,Woodlands,TX,30.16439,-95.464889,8.75,burrito:Chicken Burrito
3773,Independence and Legacy,TX,33.071013,-96.750779,9.2,burrito:Chicken Burrito
3776,Rosenberg,TX,29.546221,-95.750252,9.8,burrito:Chicken Burrito
38,McKinney,TX,32.798164,-96.801621,9.5,burrito:Chicken Burrito
3812,Kyle,TX,30.01552,-97.86694,8.95,burrito:Chicken Burrito
3816,Montgomery TX,TX,30.387336,-95.679742,9.65,burrito:Chicken Burrito
3817,Golden Triangle,TX,32.931846,-97.270075,9.65,burrito:Chicken Burrito
3833,380 & 423,TX,33.219048,-96.876065,9.65,burrito:Chicken Burrito
3834,SW Military,TX,29.357387,-98.540459,9.8,burrito:Chicken Burrito
3845,Hulen Mall South,TX,32.664707,-97.401311,9.95,burrito:Chicken Burrito
388,Greenway Plaza,TX,29.73229,-95.439062,9.2,burrito:Chicken Burrito
3881,Cinco Ranch,TX,29.734063,-95.775252,9.65,burrito:Chicken Burrito
3882,Copperfield Relo,TX,29.923854,-95.601372,9.8,burrito:Chicken Burrito
3891,Hutto TX,TX,30.544465,-97.561399,9.65,burrito:Chicken Burrito
3894,Southshore,TX,29.503349,-95.042747,9.5,burrito:Chicken Burrito
393,Irving Mall,TX,32.844365,-96.99201,9.8,burrito:Chicken Burrito
3930,Saginaw TX,TX,32.882164,-97.390778,9.5,burrito:Chicken Burrito
396,Telecom Corridor,TX,32.975074,-96.720999,9.35,burrito:Chicken Burrito
3967,Woodlake,TX,29.478526,-98.364761,9.35,burrito:Chicken Burrito
3984,Leander,TX,30.58644,-97.85708,9.95,burrito:Chicken Burrito
3992,Duncanville,TX,32.649141,-96.942269,9.8,burrito:Chicken Burrito
3993,Brooks City Base TX,TX,29.352259,-98.437233,9.8,burrito:Chicken Burrito
401,Oaklawn,TX,32.817779,-96.812016,9.5,burrito:Chicken Burrito
4022,Benbrook TX,TX,32.681151,-97.463049,,no-chicken-burrito
406,North Lewisville,TX,33.046072,-97.010343,9.5,burrito:Chicken Burrito
408,College Station,TX,30.622351,-96.341343,8.75,burrito:Chicken Burrito
4114,Hudson Oaks TX,TX,32.757393,-97.713875,9.8,burrito:Chicken Burrito
4117,Wylie,TX,33.00797,-96.545144,9.5,burrito:Chicken Burrito
4143,Guilbeau Road,TX,29.514289,-98.634497,9.5,burrito:Chicken Burrito
4144,San Angelo,TX,31.42863,-100.51241,9.15,burrito:Chicken Burrito
4173,Burleson South,TX,32.532221,-97.337801,9.95,burrito:Chicken Burrito
4213,Knickerbocker,TX,31.433612,-100.456283,9.2,burrito:Chicken Burrito
4214,Creekside TX,TX,30.132385,-95.552521,9.5,burrito:Chicken Burrito
424,North Richland Hills,TX,32.853457,-97.190259,9.2,burrito:Chicken Burrito
4257,Royse City,TX,32.965921,-96.339455,9.65,burrito:Chicken Burrito
4258,Eldridge,TX,29.73499,-95.62429,9.5,burrito:Chicken Burrito
4259,Morton Ranch,TX,29.814954,-95.771422,9.8,burrito:Chicken Burrito
4260,190 & Renner,TX,32.997719,-96.668754,9.2,burrito:Chicken Burrito
427,Lakeline Mall,TX,30.478321,-97.800583,9.65,burrito:Chicken Burrito
4274,Joe Battle & Zaragoza,TX,31.758768,-106.271846,9.5,burrito:Chicken Burrito
43,Westbank,TX,30.274705,-97.799339,9.35,burrito:Chicken Burrito
432,Denton,TX,33.191765,-97.100294,9.2,burrito:Chicken Burrito
4329,Bastrop,TX,30.108903,-97.366867,9.8,burrito:Chicken Burrito
4330,Cumberland Park,TX,32.251282,-95.307678,9.95,burrito:Chicken Burrito
4331,Coit & Main,TX,33.149947,-96.767806,9.5,burrito:Chicken Burrito
4337,Zaragoza & Edgemere,TX,31.7959,-106.231,9.95,burrito:Chicken Burrito
4342,Walzem & I-35,TX,29.5124,-98.39628,9.8,burrito:Chicken Burrito
4386,249 & Antoine,TX,29.913137,-95.48313,9.2,burrito:Chicken Burrito
4430,Potranco West,TX,29.42115,-98.77483,9.65,burrito:Chicken Burrito
4431,Cibolo,TX,29.571736,-98.237324,9.8,burrito:Chicken Burrito
4453,82nd & Milwaukee,TX,33.523453,-101.956436,9.65,burrito:Chicken Burrito
4454,Lubbock South,TX,33.485465,-101.904278,10.15,burrito:Chicken Burrito
4485,City Park,TX,29.626546,-95.388207,9.8,burrito:Chicken Burrito
4486,Princeton TX,TX,33.176088,-96.513944,9.8,burrito:Chicken Burrito
4487,Kennedale,TX,32.645706,-97.189355,9.8,burrito:Chicken Burrito
4511,Kitty Hawk,TX,29.548813,-98.309425,10.15,burrito:Chicken Burrito
4516,Avondale,TX,32.96601,-97.41997,9.8,burrito:Chicken Burrito
4631,Rockwall North,TX,32.951617,-96.462249,9.65,burrito:Chicken Burrito
4633,Beach & Western Center,TX,32.858738,-97.290558,9.5,burrito:Chicken Burrito
4634,121 & Coit,TX,33.108716,-96.768277,9.35,burrito:Chicken Burrito
464,Allen,TX,33.102906,-96.679133,9.2,burrito:Chicken Burrito
4643,Brownsville,TX,25.951962,-97.487429,10.15,burrito:Chicken Burrito
465,Mesquite,TX,32.811189,-96.624434,9.65,burrito:Chicken Burrito
466,Republic Square,TX,30.649201,-97.677597,9.65,burrito:Chicken Burrito
4663,Belterra,TX,30.218853,-97.963755,9.5,burrito:Chicken Burrito
4664,Aquarena Springs,TX,29.965808,-97.9457,9.15,burrito:Chicken Burrito
4672,Mission Bend,TX,29.700204,-95.687917,8.75,burrito:Chicken Burrito
4703,Temple West,TX,31.11747,-97.41813,10.35,burrito:Chicken Burrito
4704,Stafford TX,TX,29.618989,-95.566182,9.8,burrito:Chicken Burrito
4705,Meyerland TX,TX,29.68556,-95.4572,9.5,burrito:Chicken Burrito
4730,I-20 and Ambler,TX,32.47764,-99.69767,8.75,burrito:Chicken Burrito
478,River Oaks,TX,29.747052,-95.410295,9.5,burrito:Chicken Burrito
4783,Trophy Club,TX,32.99343,-97.19114,9.35,burrito:Chicken Burrito
4784,Bulverde,TX,29.803685,-98.418716,9.35,burrito:Chicken Burrito
480,Quarry,TX,29.498668,-98.480652,9.65,burrito:Chicken Burrito
4811,Galveston,TX,29.274451,-94.832685,9.35,burrito:Chicken Burrito
4813,Greyhound,TX,29.4009,-95.0347,9.5,burrito:Chicken Burrito
4814,Bridgeland Cypress,TX,29.926045,-95.727484,9.8,burrito:Chicken Burrito
4819,North Oaks TX,TX,29.986227,-95.500244,9.65,burrito:Chicken Burrito
4844,I20 & Collins,TX,32.67379,-97.09304,9.5,burrito:Chicken Burrito
4845,Harper Preserve,TX,30.206547,-95.422754,9.35,burrito:Chicken Burrito
4895,Celina,TX,33.27713,-96.78326,9.95,burrito:Chicken Burrito
4899,South Sherman,TX,33.59717,-96.60728,10.15,burrito:Chicken Burrito
4951,Willis,TX,30.42195,-95.49082,9.8,burrito:Chicken Burrito
4957,Manor TX,TX,30.35004,-97.542198,9.8,burrito:Chicken Burrito
5000,Broadway East,TX,29.559567,-95.355805,9.8,burrito:Chicken Burrito
5001,Sachse,TX,32.954294,-96.583886,9.65,burrito:Chicken Burrito
5003,Portland TX,TX,27.900046,-97.304313,10.35,burrito:Chicken Burrito
501,Congress,TX,30.269856,-97.742378,9.65,burrito:Chicken Burrito
5046,Sienna,TX,29.532083,-95.513156,9.8,burrito:Chicken Burrito
5056,287 & Berry,TX,32.713591,-97.282919,9.8,burrito:Chicken Burrito
5092,Rosenberg West,TX,29.52903,-95.80867,9.95,burrito:Chicken Burrito
5093,Anna,TX,33.349335,-96.5853,9.8,burrito:Chicken Burrito
5110,Manvel,TX,29.481865,-95.398744,9.65,burrito:Chicken Burrito
5128,Pearland Parkway,TX,29.597831,-95.265402,9.8,burrito:Chicken Burrito
5132,Star Ranch,TX,30.50444,-97.58019,9.5,burrito:Chicken Burrito
5134,Crossroads,TX,33.225324,-96.980865,9.8,burrito:Chicken Burrito
5135,Schertz,TX,29.6087,-98.265501,9.95,burrito:Chicken Burrito
5234,Gulfgate,TX,29.6971,-95.2974,9.65,burrito:Chicken Burrito
5235,Cane Island,TX,29.77386,-95.850232,9.8,burrito:Chicken Burrito
5244,Saratoga,TX,27.679641,-97.370129,10.15,burrito:Chicken Burrito
5245,Randol Mill,TX,32.75053,-97.13142,9.15,burrito:Chicken Burrito
5246,Mesquite South,TX,32.768623,-96.626163,9.65,burrito:Chicken Burrito
5277,Josey & Parker,TX,33.04582,-96.88165,9.8,burrito:Chicken Burrito
5303,Gaston Ave,TX,32.793198,-96.778334,9.65,burrito:Chicken Burrito
5342,The Groves,TX,29.962246,-95.210091,9.65,burrito:Chicken Burrito
5348,380 & Custer,TX,33.218594,-96.729949,9.8,burrito:Chicken Burrito
5349,Midlothian,TX,32.4818,-97.0059,9.95,burrito:Chicken Burrito
5351,Springdale HEB,TX,30.312608,-97.664012,9.35,burrito:Chicken Burrito
5392,Elyson,TX,29.876435,-95.760851,9.95,burrito:Chicken Burrito
5454,Alvin,TX,29.40024,-95.2495,9.8,burrito:Chicken Burrito
5457,Gessner,TX,29.83073,-95.54573,9.95,burrito:Chicken Burrito
5462,La Porte,TX,29.652435,-95.027941,9.8,burrito:Chicken Burrito
5464,Culebra West,TX,29.5198,-98.77542,9.8,burrito:Chicken Burrito
5470,Edinburg TX,TX,26.262418,-98.172564,9.8,burrito:Chicken Burrito
5471,Wolf Ranch,TX,30.63342,-97.70273,9.65,burrito:Chicken Burrito
5548,Stan Schlueter,TX,31.07697,-97.75556,9.5,burrito:Chicken Burrito
5563,Eldorado & Stonebridge,TX,33.17515,-96.72348,9.95,burrito:Chicken Burrito
5564,Broadway & I-30,TX,32.83871,-96.59722,9.5,burrito:Chicken Burrito
5581,Fate,TX,32.93099,-96.38285,9.8,burrito:Chicken Burrito
5582,Dalrock,TX,32.91535,-96.52279,9.8,burrito:Chicken Burrito
5585,Cleburne,TX,32.345306,-97.394798,9.5,burrito:Chicken Burrito
5596,Mission TX,TX,26.200963,-98.28719,9.65,burrito:Chicken Burrito
56,45th & Lamar,TX,30.312467,-97.738615,9.5,burrito:Chicken Burrito
560,Upper Greenville,TX,32.857473,-96.769627,8.95,burrito:Chicken Burrito
5604,Melissa,TX,33.26792,-96.58684,9.35,burrito:Chicken Burrito
5606,Little Elm Parkway,TX,33.16982,-96.89253,9.8,burrito:Chicken Burrito
5672,League City West,TX,29.48653,-95.10743,9.65,burrito:Chicken Burrito
569,Huebner Oaks,TX,29.549337,-98.582078,9.65,burrito:Chicken Burrito
5701,Mockingbird & 75,TX,32.83584,-96.77418,9.5,burrito:Chicken Burrito
5719,Amarillo Coulter,TX,35.148892,-101.920828,9.95,burrito:Chicken Burrito
5720,Boerne TX,TX,29.776912,-98.731969,9.5,burrito:Chicken Burrito
5722,Bob Bullock and International,TX,27.615153,-99.465634,9.95,burrito:Chicken Burrito
5763,Memorial Villages,TX,29.781635,-95.524019,9.8,burrito:Chicken Burrito
5779,Crowley,TX,32.565274,-97.352368,9.8,burrito:Chicken Burrito
582,Alamo Heights,TX,29.4624,-98.465516,9.15,burrito:Chicken Burrito
5852,Odessa East,TX,31.920836,-102.291925,10.8,burrito:Chicken Burrito
592,Vineyard,TX,29.609469,-98.512211,9.65,burrito:Chicken Burrito
60,Preston Forest,TX,32.911355,-96.803034,9.5,burrito:Chicken Burrito
620,Stassney,TX,30.201265,-97.768496,9.65,burrito:Chicken Burrito
633,Eldorado,TX,33.172883,-96.641614,9.2,burrito:Chicken Burrito
660,Bryant Irvin,TX,32.684737,-97.414653,9.15,burrito:Chicken Burrito
661,Watauga,TX,32.882703,-97.259994,9.5,burrito:Chicken Burrito
665,North Dallas,TX,32.953658,-96.817913,9.5,burrito:Chicken Burrito
756,Firewheel,TX,32.955566,-96.616909,9.5,burrito:Chicken Burrito
770,Sugarland,TX,29.594058,-95.622797,9.35,burrito:Chicken Burrito
792,UTA,TX,32.722217,-97.115236,8.95,burrito:Chicken Burrito
812,Fort Worth,TX,32.751362,-97.360423,9.35,burrito:Chicken Burrito
833,Deerbrook,TX,30.005845,-95.269299,9.35,burrito:Chicken Burrito
847,Arboretum,TX,30.389926,-97.733342,9.65,burrito:Chicken Burrito
874,Millwood,TX,30.445721,-97.744081,9.2,burrito:Chicken Burrito
92,U of Texas,TX,30.285652,-97.741979,8.75,burrito:Chicken Burrito
927,Westover Marketplace,TX,29.436426,-98.649401,9.2,burrito:Chicken Burrito
93,Trinity Commons,TX,32.706451,-97.389039,8.6,burrito:Chicken Burrito
94,Collin Creek,TX,33.015733,-96.709271,9.2,burrito:Chicken Burrito
948,Mid-Westheimer,TX,29.736555,-95.514418,9.2,burrito:Chicken Burrito
95,Village Place,TX,29.721907,-95.418865,9.15,burrito:Chicken Burrito
96,Northeast Mall,TX,32.82413,-97.199892,9.5,burrito:Chicken Burrito
97,Southlake,TX,32.938909,-97.104071,9.65,burrito:Chicken Burrito
971,San Pedro,TX,29.519679,-98.501378,9.5,burrito:Chicken Burrito
973,Mueller,TX,30.30565,-97.707981,9.65,burrito:Chicken Burrito
1104,Sandy,UT,40.562515,-111.890489,9.5,burrito:Chicken Burrito
2511,St. George,UT,37.111891,-113.554506,9.8,burrito:Chicken Burrito
2532,Murray,UT,40.659627,-111.887723,9.8,burrito:Chicken Burrito
2533,University Mall,UT,40.273552,-111.678505,9.35,burrito:Chicken Burrito
2536,Layton,UT,41.088928,-111.98468,9.65,burrito:Chicken Burrito
2591,Lehi,UT,40.432263,-111.888108,9.8,burrito:Chicken Burrito
2980,400 South,UT,40.75999,-111.869894,9.65,burrito:Chicken Burrito
3070,Riverdale Road,UT,41.17832,-111.999459,9.8,burrito:Chicken Burrito
3954,Saratoga Springs - UT,UT,40.3707,-111.9166,9.8,burrito:Chicken Burrito
3971,Riverton,UT,40.5086,-111.9996,9.5,burrito:Chicken Burrito
3994,Cedar City,UT,37.653579,-113.08464,9.2,burrito:Chicken Burrito
4049,Spanish Fork,UT,40.122256,-111.641641,9.65,burrito:Chicken Burrito
4058,Cougar & University,UT,40.251282,-111.658081,9.5,burrito:Chicken Burrito
4134,Sunset St. George,UT,37.122334,-113.619568,9.8,burrito:Chicken Burrito
4174,12th & Washington,UT,41.242967,-111.970573,9.95,burrito:Chicken Burrito
4198,South Jordan,UT,40.543699,-111.97579,9.5,burrito:Chicken Burrito
4230,West Jordan,UT,40.61434,-111.98186,9.8,burrito:Chicken Burrito
4282,South Logan,UT,41.718507,-111.835866,9.5,burrito:Chicken Burrito
4291,Clark Lane - Farmington,UT,40.978525,-111.911376,9.65,burrito:Chicken Burrito
4319,Eagle Mountain,UT,40.301377,-112.01536,9.35,burrito:Chicken Burrito
4340,Centerville - UT,UT,40.921849,-111.885083,9.65,burrito:Chicken Burrito
4498,West Valley,UT,40.711587,-112.025565,10.15,burrito:Chicken Burrito
4505,Vineyard - Utah,UT,40.305351,-111.738391,9.95,burrito:Chicken Burrito
4506,Washington City,UT,37.140878,-113.493466,9.95,burrito:Chicken Burrito
4524,Pleasant Grove - UT,UT,40.358318,-111.764046,9.65,burrito:Chicken Burrito
4529,2100 South & State,UT,40.72459,-111.88863,9.35,burrito:Chicken Burrito
4564,Tooele,UT,40.547446,-112.298714,10.15,burrito:Chicken Burrito
4638,Park City - UT,UT,40.728042,-111.551416,9.15,burrito:Chicken Burrito
4673,Desert Color & Southern,UT,37.020658,-113.600857,9.95,burrito:Chicken Burrito
4833,Syracuse - UT,UT,41.088768,-112.06369,10.15,burrito:Chicken Burrito
4906,Taylorsville - UT,UT,40.653412,-111.940231,9.95,burrito:Chicken Burrito
4908,Clinton - UT,UT,41.152187,-112.063771,9.8,burrito:Chicken Burrito
5035,Magna,UT,40.69368,-112.091315,10.15,burrito:Chicken Burrito
5062,Holladay - UT,UT,40.663101,-111.836607,9.95,burrito:Chicken Burrito
5252,Mountain View & 7800  - SLC,UT,40.609479,-112.033457,9.95,burrito:Chicken Burrito
953,West Bountiful,UT,40.890877,-111.892677,9.65,burrito:Chicken Burrito
954,Fort Union,UT,40.625272,-111.852235,9.65,burrito:Chicken Burrito
974,Sugarhouse,UT,40.725766,-111.86202,9.5,burrito:Chicken Burrito
106,Crystal City,VA,38.854013,-77.049159,10.15,burrito:Chicken Burrito
1109,Massaponax,VA,38.231852,-77.502378,10.35,burrito:Chicken Burrito
1110,Winchester,VA,39.161875,-78.168029,9.2,burrito:Chicken Burrito
1140,Centre Ridge,VA,38.828222,-77.438218,10.35,burrito:Chicken Burrito
1156,Virginia Beach Pembroke,VA,36.844559,-76.129471,9.5,burrito:Chicken Burrito
1191,VCU,VA,37.549415,-77.449898,8.95,burrito:Chicken Burrito
1234,Fair Lakes Center,VA,38.857243,-77.394431,10.5,burrito:Chicken Burrito
1248,Patrick Henry Mall,VA,37.112656,-76.495607,9.35,burrito:Chicken Burrito
1249,Virginia Gateway,VA,38.791386,-77.606985,10.5,burrito:Chicken Burrito
1270,Franklin Farm,VA,38.907889,-77.40874,10.35,burrito:Chicken Burrito
1284,Reston Town Center,VA,38.959348,-77.356704,10.15,burrito:Chicken Burrito
1333,Peninsula Town Center,VA,37.043568,-76.39315,9.5,burrito:Chicken Burrito
1353,Williamsburg II,VA,37.287482,-76.721078,9.35,burrito:Chicken Burrito
1354,Virginia Tech,VA,37.231039,-80.41524,8.75,burrito:Chicken Burrito
1361,JMU,VA,38.431892,-78.85461,8.75,burrito:Chicken Burrito
1387,Lynnhaven,VA,36.819754,-76.068312,9.65,burrito:Chicken Burrito
1431,Broaddale Center,VA,38.885013,-77.174616,10.15,burrito:Chicken Burrito
1440,Greenbrier Virginia Beach,VA,36.775948,-76.232699,8.95,burrito:Chicken Burrito
1467,Newington VA,VA,38.740262,-77.212982,10.35,burrito:Chicken Burrito
1478,Pickett,VA,38.842967,-77.272162,9.8,burrito:Chicken Burrito
1539,Leesburg VA,VA,39.113193,-77.536941,10.15,burrito:Chicken Burrito
1554,Tysons Corner Relo,VA,38.917504,-77.22071,10.15,burrito:Chicken Burrito
1602,South Roanoke,VA,37.255664,-79.955007,9.2,burrito:Chicken Burrito
1628,Warrenton,VA,38.729048,-77.799506,10.35,burrito:Chicken Burrito
1678,Ghent,VA,36.868151,-76.29813,9.2,burrito:Chicken Burrito
1694,The Glen,VA,38.673386,-77.335048,9.8,burrito:Chicken Burrito
1754,McLean,VA,38.933178,-77.176182,10.15,burrito:Chicken Burrito
1801,South Lakes Village,VA,38.938568,-77.330351,10.15,burrito:Chicken Burrito
1832,Staples Mill,VA,37.637803,-77.511687,9.5,burrito:Chicken Burrito
1834,Lynchburg,VA,37.345485,-79.188818,9.8,burrito:Chicken Burrito
1845,Pentagon City,VA,38.863442,-77.060614,10.15,burrito:Chicken Burrito
1861,Lee Heights Shops,VA,38.898363,-77.11876,10.5,burrito:Chicken Burrito
1868,Chester,VA,37.354564,-77.410938,9.35,burrito:Chicken Burrito
194,Rosslyn,VA,38.89534,-77.07053,10.15,burrito:Chicken Burrito
1975,Carytown Place,VA,37.557134,-77.486249,9.15,burrito:Chicken Burrito
2001,Oakton VA,VA,38.881167,-77.30187,10.15,burrito:Chicken Burrito
2003,Suffolk,VA,36.88124,-76.424366,9.2,burrito:Chicken Burrito
2033,Colonial Heights,VA,37.254223,-77.390361,9.95,burrito:Chicken Burrito
2109,Tysons Rt. 7,VA,38.924963,-77.239781,10.15,burrito:Chicken Burrito
218,Fredericksburg,VA,38.296485,-77.513437,10.35,burrito:Chicken Burrito
2217,Potomac Yard,VA,38.83576,-77.051201,9.95,burrito:Chicken Burrito
2221,Culpeper,VA,38.485197,-77.967244,10.35,burrito:Chicken Burrito
2251,Stafford,VA,38.469389,-77.411947,10.15,burrito:Chicken Burrito
2272,Chippenham,VA,37.501405,-77.528411,9.8,burrito:Chicken Burrito
2294,Hilltop,VA,36.850994,-76.023622,9.65,burrito:Chicken Burrito
2324,Reynolds Crossing,VA,37.603428,-77.524983,9.35,burrito:Chicken Burrito
2396,Cowans Crossing,VA,38.299265,-77.483694,9.65,burrito:Chicken Burrito
2406,Pantops,VA,38.02905,-78.444022,9.65,burrito:Chicken Burrito
2422,Springfield Town Center,VA,38.774467,-77.173375,10.35,burrito:Chicken Burrito
245,Old Town Alexandria,VA,38.805109,-77.045909,10.15,burrito:Chicken Burrito
2455,Carter Corner,VA,38.343099,-77.494231,10.35,burrito:Chicken Burrito
2456,Shops at Belmont,VA,39.067771,-77.485246,10.35,burrito:Chicken Burrito
2473,Pike 3400,VA,38.861003,-77.092176,9.95,burrito:Chicken Burrito
2541,Landmark,VA,38.818259,-77.141866,10.5,burrito:Chicken Burrito
2646,Bailey Crossroads,VA,38.847884,-77.12099,10.5,burrito:Chicken Burrito
2723,Bristow,VA,38.732744,-77.54755,10.5,burrito:Chicken Burrito
2813,West Springfield Center,VA,38.780937,-77.234999,10.15,burrito:Chicken Burrito
2823,Military Hwy,VA,36.860657,-76.21033,9.65,burrito:Chicken Burrito
285,Reston,VA,38.954884,-77.366303,10.35,burrito:Chicken Burrito
2854,Lorton,VA,38.701711,-77.220685,10.35,burrito:Chicken Burrito
2875,Woodbridge VA,VA,38.632058,-77.274651,9.95,burrito:Chicken Burrito
288,Kingstowne,VA,38.769915,-77.139712,9.95,burrito:Chicken Burrito
2908,Landstown Commons,VA,36.775679,-76.088666,9.65,burrito:Chicken Burrito
2932,Nuckols Place,VA,37.685202,-77.588592,9.8,burrito:Chicken Burrito
2940,Danville VA,VA,36.6221,-79.3996,9.65,burrito:Chicken Burrito
2971,Blacksburg University Crossroads,VA,37.231879,-80.431261,8.75,burrito:Chicken Burrito
3001,Sugarland Crossing,VA,39.015539,-77.374525,10.35,burrito:Chicken Burrito
3007,Purcellville,VA,39.135705,-77.695844,10.5,burrito:Chicken Burrito
3057,George Mason,VA,38.829909,-77.307703,9.2,burrito:Chicken Burrito
3072,Lakeside Lynchburg,VA,37.404326,-79.187426,9.95,burrito:Chicken Burrito
3116,Commonwealth Centre,VA,38.876205,-77.442463,10.35,burrito:Chicken Burrito
3118,Regency Square Mall,VA,37.603027,-77.56671,9.65,burrito:Chicken Burrito
317,Manassas,VA,38.797009,-77.517141,9.95,burrito:Chicken Burrito
3185,CNU,VA,37.067362,-76.49196,9.2,burrito:Chicken Burrito
3229,Chesapeake Square,VA,36.824352,-76.412171,9.65,burrito:Chicken Burrito
323,Ballston,VA,38.879866,-77.112222,10.15,burrito:Chicken Burrito
3249,Wards Corner,VA,36.915283,-76.271393,9.95,burrito:Chicken Burrito
3275,Mechanicsville,VA,37.605229,-77.354784,9.35,burrito:Chicken Burrito
3295,Dulles 28,VA,39.006281,-77.437572,10.65,burrito:Chicken Burrito
3331,Valley View Blvd NW,VA,37.30071,-79.956885,9.35,burrito:Chicken Burrito
334,Chantilly,VA,38.897516,-77.443503,10.35,burrito:Chicken Burrito
3361,Chesapeake Battlefield,VA,36.766352,-76.250168,9.8,burrito:Chicken Burrito
350,Fairlakes,VA,38.857663,-77.357521,10.35,burrito:Chicken Burrito
3528,Christiansburg,VA,37.164597,-80.421046,8.95,burrito:Chicken Burrito
3559,Kemps River Commons,VA,36.799879,-76.17865,9.65,burrito:Chicken Burrito
3573,Chesterfield Courthouse,VA,37.376725,-77.511039,9.65,burrito:Chicken Burrito
3593,Portsmouth Frederick Blvd,VA,36.824996,-76.338234,9.15,burrito:Chicken Burrito
3613,Front Royal,VA,38.961768,-78.189205,9.2,burrito:Chicken Burrito
3620,ODU,VA,36.886684,-76.302246,9.15,burrito:Chicken Burrito
3756,Salem VA,VA,37.289909,-80.075636,9.35,burrito:Chicken Burrito
3762,Stratford Hills Richmond,VA,37.53776,-77.52379,9.2,burrito:Chicken Burrito
3806,Tanglewood,VA,37.230442,-79.975861,9.65,burrito:Chicken Burrito
3814,Staunton,VA,38.142147,-79.122379,9.95,burrito:Chicken Burrito
3880,Leesburg Compass Creek,VA,39.084093,-77.562576,10.35,burrito:Chicken Burrito
3952,Embrey Mill Town Center,VA,38.424101,-77.430451,9.8,burrito:Chicken Burrito
4012,Waynesboro,VA,38.064207,-78.934775,9.65,burrito:Chicken Burrito
4021,Roanoke Orange Ave,VA,37.308965,-79.887801,9.8,burrito:Chicken Burrito
4060,Ashland VA ,VA,37.75776,-77.470318,9.95,burrito:Chicken Burrito
4074,UVA The Corner,VA,38.035397,-78.500155,9.65,burrito:Chicken Burrito
4126,Ivymont,VA,37.505779,-77.665215,9.8,burrito:Chicken Burrito
4168,Clarendon,VA,38.887459,-77.094345,10.5,burrito:Chicken Burrito
4221,Manchester Hull Street,VA,37.52449,-77.438781,9.65,burrito:Chicken Burrito
4240,Red Mill R,VA,36.755791,-76.007784,9.35,burrito:Chicken Burrito
4242,Arthur Ashe Boulevard,VA,37.573938,-77.464553,9.2,burrito:Chicken Burrito
4268,Gloucester,VA,37.39425,-76.527059,9.8,burrito:Chicken Burrito
4325,King George,VA,38.350796,-77.054758,10.15,burrito:Chicken Burrito
4336,South Riding,VA,38.937395,-77.523117,10.5,burrito:Chicken Burrito
4345,Radford,VA,37.144151,-80.582739,9.2,burrito:Chicken Burrito
4364,Cosby Village Square,VA,37.40047,-77.70467,9.95,burrito:Chicken Burrito
4372,Charlottesville Hollymead,VA,38.127092,-78.442371,9.8,burrito:Chicken Burrito
4462,Timberlake,VA,37.350009,-79.228666,10.15,burrito:Chicken Burrito
4466,West Fredericksburg,VA,38.291706,-77.564575,10.8,burrito:Chicken Burrito
456,Kamp Washington,VA,38.852589,-77.327248,10.15,burrito:Chicken Burrito
460,Summit,VA,37.645852,-77.579687,9.15,burrito:Chicken Burrito
4791,The Lake,VA,37.45174,-77.64056,9.8,burrito:Chicken Burrito
4823,North Winchester,VA,39.220729,-78.133019,9.5,burrito:Chicken Burrito
5020,Harrisonburg Stone Port,VA,38.40571,-78.86981,8.95,burrito:Chicken Burrito
5021,Hampton,VA,37.029415,-76.425575,9.65,burrito:Chicken Burrito
5030,Atlee Chamberlayne Road,VA,37.648452,-77.403758,9.5,burrito:Chicken Burrito
506,Vienna,VA,38.903597,-77.262059,10.15,burrito:Chicken Burrito
5089,Great Bridge,VA,36.71314,-76.238876,9.65,burrito:Chicken Burrito
5095,Spotsylvania Courthouse Road,VA,38.244842,-77.526251,10.5,burrito:Chicken Burrito
517,Herndon,VA,38.963637,-77.399038,10.15,burrito:Chicken Burrito
5191,Mount Vernon S Richmond Hwy,VA,38.72073,-77.126297,10.35,burrito:Chicken Burrito
5233,Wytheville,VA,36.9584,-81.09522,9.35,burrito:Chicken Burrito
525,Short Pump,VA,37.65373,-77.615732,9.65,burrito:Chicken Burrito
5294,Haymarket,VA,38.81933,-77.63418,10.35,burrito:Chicken Burrito
5300,Suffolk Godwin Boulevard,VA,36.782318,-76.584787,9.65,burrito:Chicken Burrito
5422,Springdale Henrico,VA,37.5799,-77.39496,9.2,burrito:Chicken Burrito
5424,Farmville VA,VA,37.273477,-78.401083,9.35,burrito:Chicken Burrito
5455,Martinsville,VA,36.69665,-79.87924,9.95,burrito:Chicken Burrito
5594,Bradlee,VA,38.82864,-77.092133,10.35,burrito:Chicken Burrito
6036,Shops at Stonewall,VA,38.78537,-77.65133,9.65,burrito:Chicken Burrito
6046,Brambleton,VA,38.98605,-77.53718,10.65,burrito:Chicken Burrito
636,Swift Creek,VA,37.415539,-77.64121,9.8,burrito:Chicken Burrito
677,Potomac Mills,VA,38.65275,-77.28605,10.15,burrito:Chicken Burrito
710,Beacon Mall,VA,38.77063,-77.082208,10.5,burrito:Chicken Burrito
722,Arlington Boulevard,VA,38.870591,-77.153138,10.15,burrito:Chicken Burrito
729,Liberia Ave,VA,38.749204,-77.4489,10.35,burrito:Chicken Burrito
777,Sterling,VA,39.034621,-77.407092,9.8,burrito:Chicken Burrito
781,Shoppes at Ryan Park,VA,39.010768,-77.490978,10.35,burrito:Chicken Burrito
787,Springfield,VA,38.779124,-77.189774,10.15,burrito:Chicken Burrito
798,Barracks Road,VA,38.04916,-78.503662,9.8,burrito:Chicken Burrito
855,Willow Lawn,VA,37.584576,-77.496572,9.35,burrito:Chicken Burrito
879,Burke Centre,VA,38.799654,-77.3201,10.15,burrito:Chicken Burrito
883,North Richmond,VA,37.666725,-77.458474,9.2,burrito:Chicken Burrito
930,Foxchase,VA,38.813032,-77.110677,10.15,burrito:Chicken Burrito
960,Midlothian TPK,VA,37.506143,-77.6071,9.8,burrito:Chicken Burrito
983,Merrifield Town Ctr,VA,38.87209,-77.228353,10.15,burrito:Chicken Burrito
1793,South Burlington,VT,44.448613,-73.208136,9.8,burrito:Chicken Burrito
3619,Rutland,VT,43.610879,-72.973113,10.8,burrito:Chicken Burrito
4193,Burlington Dorset Street,VT,44.463611,-73.181116,10.15,burrito:Chicken Burrito
4800,Bennington,VT,42.894755,-73.203783,10.65,burrito:Chicken Burrito
1083,Northgate,WA,47.70628,-122.326405,9.65,burrito:Chicken Burrito
1144,Southcenter Square,WA,47.449379,-122.260185,10.15,burrito:Chicken Burrito
1363,DT Seattle,WA,47.610279,-122.337519,9.5,burrito:Chicken Burrito
1364,Crossroads II,WA,47.62195,-122.13232,9.5,burrito:Chicken Burrito
1544,Spokane,WA,47.665878,-117.410728,9.15,burrito:Chicken Burrito
1581,Olympia,WA,47.041925,-122.933975,9.5,burrito:Chicken Burrito
1747,Woodinville,WA,47.754871,-122.155743,9.65,burrito:Chicken Burrito
1984,Capitol Hill,WA,47.613342,-122.320946,9.35,burrito:Chicken Burrito
2228,South Lake Union,WA,47.620364,-122.338261,9.5,burrito:Chicken Burrito
2263,Burlington Blvd.,WA,48.452735,-122.335691,9.8,burrito:Chicken Burrito
2264,Alderwood Mall,WA,47.829413,-122.273781,9.5,burrito:Chicken Burrito
2270,Southcenter Mall,WA,47.458545,-122.256103,9.95,burrito:Chicken Burrito
2271,Bellis Fair,WA,48.784943,-122.489619,9.8,burrito:Chicken Burrito
2382,Hazel Dell,WA,45.677636,-122.666302,10.35,burrito:Chicken Burrito
2411,Renton,WA,47.477325,-122.21635,9.65,burrito:Chicken Burrito
2413,Puyallup,WA,47.146748,-122.292509,9.2,burrito:Chicken Burrito
2443,Silverdale,WA,47.663348,-122.696448,9.95,burrito:Chicken Burrito
2554,The Junction,WA,47.56013,-122.386426,9.95,burrito:Chicken Burrito
2573,Kennewick,WA,46.22126,-119.223138,9.65,burrito:Chicken Burrito
2574,U Village,WA,47.661911,-122.298729,9.35,burrito:Chicken Burrito
2575,Factoria,WA,47.574662,-122.168647,9.65,burrito:Chicken Burrito
2595,Lacey,WA,47.057931,-122.765109,9.5,burrito:Chicken Burrito
2652,205 Commerce,WA,45.621403,-122.553009,9.8,burrito:Chicken Burrito
2715,Vancouver WA,WA,45.653767,-122.586601,9.8,burrito:Chicken Burrito
2792,Lakewood Town Center,WA,47.163102,-122.52042,9.8,burrito:Chicken Burrito
2878,Sammamish,WA,47.606125,-122.036285,9.15,burrito:Chicken Burrito
2935,Lake City Way,WA,47.721844,-122.294185,9.65,burrito:Chicken Burrito
2957,Everett,WA,47.909104,-122.225675,9.95,burrito:Chicken Burrito
2958,Totem Lake,WA,47.711533,-122.181874,9.95,burrito:Chicken Burrito
3166,Smokey Point,WA,48.151763,-122.191354,9.35,burrito:Chicken Burrito
3438,Bonney Lake,WA,47.167697,-122.187984,9.35,burrito:Chicken Burrito
3490,East Bellevue,WA,47.613816,-122.185565,9.95,burrito:Chicken Burrito
3502,Wenatchee,WA,47.437687,-120.323562,10.15,burrito:Chicken Burrito
3543,Canyon Park,WA,47.805906,-122.206571,9.5,burrito:Chicken Burrito
3570,Summerwalk Village,WA,46.996587,-122.819006,9.2,burrito:Chicken Burrito
3601,Queensgate,WA,46.258518,-119.309033,9.8,burrito:Chicken Burrito
3623,South Hill,WA,47.10464,-122.29409,9.5,burrito:Chicken Burrito
3733,Spokane Valley,WA,47.659107,-117.197129,9.5,burrito:Chicken Burrito
3783,Longview WA,WA,46.145998,-122.928763,9.65,burrito:Chicken Burrito
3792,Pullman,WA,46.713569,-117.177822,9.15,burrito:Chicken Burrito
3802,North Spokane,WA,47.745933,-117.4044,9.5,burrito:Chicken Burrito
3827,University Place,WA,47.220126,-122.537587,9.95,burrito:Chicken Burrito
3925,Shoreline,WA,47.743233,-122.346304,9.2,burrito:Chicken Burrito
3941,South Lacey,WA,47.039923,-122.835496,9.8,burrito:Chicken Burrito
3944,Tacoma Mall RELO,WA,47.218098,-122.467119,9.95,burrito:Chicken Burrito
3987,Battleground - WA,WA,45.76955,-122.549798,9.35,burrito:Chicken Burrito
3988,Southridge,WA,46.178402,-119.188688,10.15,burrito:Chicken Burrito
4109,Pasco,WA,46.275712,-119.186159,10.15,burrito:Chicken Burrito
4140,Gig Harbor,WA,47.302453,-122.578267,10.15,burrito:Chicken Burrito
4150,Fourth Plain - Vancouver,WA,45.672456,-122.525802,9.65,burrito:Chicken Burrito
4255,Nob Hill - Yakima,WA,46.585105,-120.542479,10.35,burrito:Chicken Burrito
4298,Lake Stevens,WA,48.021763,-122.108812,10.35,burrito:Chicken Burrito
4312,Spanaway,WA,47.119021,-122.434299,10.15,burrito:Chicken Burrito
4378,Bremerton,WA,47.606689,-122.628571,10.65,burrito:Chicken Burrito
4387,Poulsbo - WA,WA,47.75708,-122.65918,9.95,burrito:Chicken Burrito
4408,Moses Lake,WA,47.103696,-119.250021,9.8,burrito:Chicken Burrito
4416,Airway Heights,WA,47.64389,-117.54964,10.15,burrito:Chicken Burrito
4465,Salmon Creek,WA,45.723113,-122.660747,9.95,burrito:Chicken Burrito
4527,Interbay,WA,47.635607,-122.377037,9.65,burrito:Chicken Burrito
4565,Walla Walla,WA,46.032633,-118.380667,10.15,burrito:Chicken Burrito
4572,Francis & Ash  - Spokane,WA,47.71563,-117.436882,9.35,burrito:Chicken Burrito
469,Bellevue,WA,47.613607,-122.199857,9.5,burrito:Chicken Burrito
4710,Trent & Argonne,WA,47.680845,-117.284494,9.95,burrito:Chicken Burrito
5007,Bellingham,WA,48.735081,-122.470591,10.35,burrito:Chicken Burrito
5055,Downtown Vancouver,WA,45.633667,-122.672882,10.15,burrito:Chicken Burrito
5060,Covington,WA,47.357793,-122.113911,10.15,burrito:Chicken Burrito
5097,Auburn - WA,WA,47.319691,-122.221771,10.35,burrito:Chicken Burrito
5165,Union Ridge Town Center - Ridgefield,WA,45.817357,-122.690251,10.15,burrito:Chicken Burrito
5187,Camas,WA,45.586348,-122.471467,10.35,burrito:Chicken Burrito
5280,Wallingford Seattle,WA,47.661625,-122.331733,9.35,burrito:Chicken Burrito
5281,Tumwater,WA,46.993477,-122.92213,9.65,burrito:Chicken Burrito
5312,North Benson - Renton,WA,47.44314,-122.197462,10.15,burrito:Chicken Burrito
5396,Port Angeles,WA,48.10671,-123.39891,9.8,burrito:Chicken Burrito
5432,Anacortes,WA,48.508334,-122.613349,10.35,burrito:Chicken Burrito
5729,Pearl Street - Tacoma WA,WA,47.269186,-122.515322,10.15,burrito:Chicken Burrito
578,The Ave.,WA,47.658806,-122.313398,8.95,burrito:Chicken Burrito
5890,Lynden,WA,48.934544,-122.485946,9.95,burrito:Chicken Burrito
5973,Enumclaw,WA,47.20069,-121.99011,9.65,burrito:Chicken Burrito
6032,Fort Borst,WA,46.728586,-122.98135,9.95,burrito:Chicken Burrito
670,Kent,WA,47.385218,-122.235006,10.15,burrito:Chicken Burrito
688,Lynnwood,WA,47.820549,-122.288954,9.5,burrito:Chicken Burrito
740,Redmond,WA,47.666691,-122.102234,9.5,burrito:Chicken Burrito
743,Federal Way,WA,47.316376,-122.31382,10.15,burrito:Chicken Burrito
778,Issaquah,WA,47.54394,-122.049473,9.35,burrito:Chicken Burrito
796,Mill Plain,WA,45.614025,-122.503591,9.65,burrito:Chicken Burrito
1106,East Towne,WI,43.13052,-89.305693,9.2,burrito:Chicken Burrito
1112,Tosa Mayfair,WI,43.068244,-88.048692,9.8,burrito:Chicken Burrito
1173,Appleton,WI,44.262639,-88.470015,9.8,burrito:Chicken Burrito
1905,Eau Claire,WI,44.77466,-91.43798,8.95,burrito:Chicken Burrito
2015,Green Bay - Oneida St.,WI,44.486756,-88.067571,9.65,burrito:Chicken Burrito
2204,Shorewood Hills,WI,43.075823,-89.453834,9.15,burrito:Chicken Burrito
2439,East Appleton,WI,44.244322,-88.348683,9.65,burrito:Chicken Burrito
2513,Janesville,WI,42.723734,-88.995163,9.95,burrito:Chicken Burrito
2516,Menomonee Falls,WI,43.188393,-88.128082,9.65,burrito:Chicken Burrito
2820,Kenosha,WI,42.565678,-87.92112,10.35,burrito:Chicken Burrito
312,U of Wisconsin,WI,43.075013,-89.396766,8.45,burrito:Chicken Burrito
313,Ogden Avenue,WI,43.048482,-87.904246,9.35,burrito:Chicken Burrito
3459,West Towne,WI,43.061432,-89.504906,9.35,burrito:Chicken Burrito
3750,Onalaska,WI,43.872775,-91.190819,9.8,burrito:Chicken Burrito
3926,UW - Eau Claire,WI,44.792949,-91.51212,8.75,burrito:Chicken Burrito
4136,East Green Bay,WI,44.487026,-87.962984,9.65,burrito:Chicken Burrito
4137,Bayshore-Glendale,WI,43.12429,-87.913063,9.8,burrito:Chicken Burrito
4179,Monona,WI,43.047195,-89.325087,9.35,burrito:Chicken Burrito
441,South 27th Street,WI,42.986088,-87.947824,9.8,burrito:Chicken Burrito
4432,Somers,WI,42.604051,-87.879465,9.95,burrito:Chicken Burrito
4463,West Bend,WI,43.397641,-88.18726,10.15,burrito:Chicken Burrito
4758,Neenah,WI,44.175068,-88.490516,9.95,burrito:Chicken Burrito
4796,Grafton,WI,43.314021,-87.924475,9.8,burrito:Chicken Burrito
4907,Oshkosh,WI,44.014805,-88.581192,9.95,burrito:Chicken Burrito
515,Hales Corners,WI,42.938708,-88.047734,9.8,burrito:Chicken Burrito
5206,Pewaukee WI,WI,43.082738,-88.231436,9.5,burrito:Chicken Burrito
5250,Wausau,WI,44.91303,-89.64897,9.8,burrito:Chicken Burrito
5326,Greenfield WI,WI,42.961033,-88.019974,9.8,burrito:Chicken Burrito
533,Middleton,WI,43.075327,-89.528676,8.75,burrito:Chicken Burrito
549,Racine,WI,42.719538,-87.848882,9.8,burrito:Chicken Burrito
558,Bluemound Road,WI,43.035385,-88.104546,9.2,burrito:Chicken Burrito
5630,Oconomowoc,WI,43.08793,-88.47249,9.65,burrito:Chicken Burrito
5682,River Falls WI,WI,44.873731,-92.621136,8.75,burrito:Chicken Burrito
618,Brookfield Capitol,WI,43.085529,-88.067712,9.65,burrito:Chicken Burrito
888,Hudson WI,WI,44.959411,-92.720856,9.35,burrito:Chicken Burrito
2243,Marshall University,WV,38.423389,-82.419346,8.75,burrito:Chicken Burrito
2267,Huntington Mall (Barboursville),WV,38.419605,-82.261201,9.95,burrito:Chicken Burrito
2467,Corridor G,WV,38.318562,-81.718723,10.15,burrito:Chicken Burrito
2578,University Town Center,WV,39.657453,-80.002275,8.6,burrito:Chicken Burrito
2629,Martinsburg,WV,39.445938,-77.987837,9.8,burrito:Chicken Burrito
3465,WVU,WV,39.631763,-79.954435,8.75,burrito:Chicken Burrito
3652,Triadelphia,WV,40.059425,-80.600077,9.2,burrito:Chicken Burrito
3946,Vienna Parkersburg,WV,39.30518,-81.551264,9.2,burrito:Chicken Burrito
4552,Beckley,WV,37.799942,-81.1788,9.8,burrito:Chicken Burrito
4698,Cheat Lake,WV,39.6495,-79.90153,9.15,burrito:Chicken Burrito
4828,Fairmont,WV,39.42818,-80.1881,9.35,burrito:Chicken Burrito
5031,Weirton,WV,40.39876,-80.55141,9.8,burrito:Chicken Burrito
5502,Falling Waters,WV,39.545207,-77.909312,10.15,burrito:Chicken Burrito
1014,Cheyenne,WY,41.160736,-104.805715,9.15,burrito:Chicken Burrito
4738,Laramie,WY,41.309589,-105.559519,9.35,burrito:Chicken Burrito
